片名,封面链接,剧照链接,年份,地区,类型,豆瓣评分,时长,导演,编剧,主演,简介,下载地址
2018年惊悚动作《薄荷杀手》BD中英双字幕,https://extraimage.net/images/2018/11/20/eccfb0f5a34ce8ea0d7024af8d979afc.jpg,https://lookimg.com/images/2018/11/22/c21fJ.jpg,2018,美国,剧情/动作/惊悚,6.2/10 from 192 users,102分钟,['皮埃尔・莫瑞尔 Pierre Morel'],['查德・圣・约翰 Chad St. John'],"['詹妮弗・加纳 Jennifer Garner', '小约翰・加拉赫 John Gallagher Jr.', '约翰・奥提兹 John Ortiz', '胡安・巴勃罗・拉瓦 Juan Pablo Raba', '安妮・伊隆泽 Annie Ilonzeh', '杰夫・赫普内尔 Jeff Hephner', '凯莱・弗莱明 Cailey Fleming', '埃迪・辛 Eddie Shin', '马索・曼恩 Method Man', '泰森・里特 Tyson Ritter', '伊恩・卡塞尔伯里 Ian Casselberry', '理查德・卡夫拉尔 Richard Cabral', '约翰尼・奥蒂斯 Johnny Ortiz']",故事聚焦在一位母亲的身上。一次在外游玩的过程中，她的孩子和丈夫被黑帮悉数杀害。原本遵纪守法的她希望借助于法律的力量制裁这些罪犯，但整个城市的警察和司法系统已经完全腐败。最后，这位失去一切的母亲，只好自己拿起了枪和武器，展开了复仇。,ftp://ygdy8:ygdy8@yg90.dydytt.net:8421/阳光电影www.ygdy8.com.薄荷杀手.BD.720p.中英双字幕.mkv
2018年动作《反贪风暴3》BD国粤双语中字,https://extraimage.net/images/2018/10/26/a56f982b41186687fdc2e6eff6ebcc01.jpg,https://lookimg.com/images/2018/11/22/c25jD.jpg,2018,中国香港,剧情/动作/犯罪,5.8/10 from 22378 users,97分钟,['林德禄 David Lam'],"['黄浩华 Ho-Wa Wong', '何文龙 Wen Long Ho']","['古天乐 Louis Koo', '张智霖 Julian Cheung', '郑嘉颖 Kevin Cheng', '邓丽欣 Stephy Tang', '嗵炷 Adam Pak', '谢天华 Michael Tse', '张继聪 Louis Cheung', '夏嫣 Anika', '蔡瀚亿 Babyjohn Choi', '廖启智 Kai Chi Liu', '谭耀文 Patrick Tam', '卢海鹏 Hoi-Pang Lo', '罗兰 Lan Law', '麦长青 Cheung-Ching Mak', '张松枝 Deno Cheung', '陈庭欣 Toby Chan', '丁海峰 Haifeng Ding', '冯雷 Lei Feng', '李昕岳 Xinyue Li']","ICAC (廉政公署) 陆志廉（古天乐 饰），JFIU (联合财富情报组) 刘保强（张智霖 饰）分别侦查贪污及洗黑钱案，但苦无线索，这时廉政公署L组 (内部纪律调查组) 程德明（郑嘉颖 饰）收到Eva（邓丽欣 饰）举报，指陆志廉收贿1,200万，陆无法辩解即时停职。刘发现陆被诬陷，并跟一直调查的洗黑钱案有着千丝万缕关系，同时怀疑银行主任游子新（嗵炷 饰）协助犯罪集团首脑王海禾（谭耀文 饰）洗黑钱；中国反贪局侦查处处长洪亮（丁海峰 饰）来港，给刘保强提供了重要情报，原来洗黑钱案牵涉内地贪腐官员，陆港合力打击贪腐；陆亦冒险搜集罪证却遭禁锢，命悬一线……",ftp://ygdy8:ygdy8@yg45.dydytt.net:8358/阳光电影www.ygdy8.com.反贪风暴3.BD.720p.国粤双语中字.mkv
2018年获奖动画《幸福路上》BD国语中字,https://extraimage.net/images/2018/11/22/70f962d3d62cb8ca4f5d0c0724058778.jpg,https://lookimg.com/images/2018/11/22/c2FIg.jpg,2017,中国台湾,动画,7.6/10 from 1687 users,111分钟,['宋欣颖 Hsin-yin Sung'],['宋欣颖 Hsin Yin Sung'],"['桂纶镁 Lunmei Gwei', '魏德圣 Te-Sheng Wei', '陈博正 Bor Jing Chan', '廖慧珍 Hui-Jen Liao']",小琪 (桂]V 演) 生於Y介石逝世天，成L^程正是台成v最×肄D的r期。 小琪六q那年e家搬到新北市幸福路，榱M足父母期望，她力上游，但也S幸福本砭]有捷健 她一步步走上初]A期的路，到美工作、Y婚，走到人生的瓶i，因外婆去世，重返老家，回首童年^程中，慢慢思索自己走^的路：「L大了，我有成槔硐胫械拇笕幔俊,ftp://ygdy8:ygdy8@yg45.dydytt.net:7358/阳光电影www.ygdy8.com.幸福路上.BD.720p.国语中字.mkv
2018年西部片《巴斯特・斯克鲁格斯的歌谣》BD中英双字幕,https://extraimage.net/images/2018/11/16/4b3b9a3ddd2120d995f35cda93be0395.jpg,https://lookimg.com/images/2018/11/20/c7KVE.jpg,2018,美国,西部/剧情,8.0/10 from 99 users,132分钟,"['伊桑・科恩 Ethan Coen', '乔尔・科恩 Joel Coen']", ,"['蒂姆・布雷克・尼尔森 Tim Blake Nelson', '詹姆斯・弗兰科 James Franco', '佐伊・卡赞 Zoe Kazan', '泰恩・黛莉 Tyne Daly', '拉尔夫・尹爱森 Ralph Ineson', '斯蒂芬・鲁特 Stephen Root', '连姆・尼森 Liam Neeson', '汤姆・威兹 Tom Waits', '布莱丹・格里森 Brendan Gleeson']",《The Ballad Of Buster Scruggs》聚焦一位牛仔歌手。《Near Algodones》讲述一位生活在高平原之上的流浪者因为自己一无所有虚度光阴而决定抢劫银行以及尝试赶牛。《Meal Ticket》根据一名演员和一档旅游节目主持人之间的关系而展开故事。《All Gold Canyon》讲述一名教授因发现一座金矿而欣喜若狂，又因为随即到来的邪恶侵占势力而面临险境。《The Gal Who Got Rattled》聚焦两位俄勒冈小道的工头和一名乘坐马车的女人，女人需要其中一人的帮助，并且将某人当作潜在结婚对象加以考察。《The Mortal Remains》讲述五位身份不同的陌生人乘坐同一辆驿马车前往某处神秘地点的故事。,ftp://ygdy8:ygdy8@yg90.dydytt.net:8420/阳光电影www.ygdy8.com.巴斯特・斯克鲁格斯的歌谣.BD.720p.中英双字幕.mkv
2018年动作喜剧《我的间谍前男友》BD国英双语双字,https://extraimage.net/images/2018/10/18/efa6d139e28098fe4d4057813276f690.jpg,http://images2.imagebam.com/b4/39/f6/5ec5201037136924.jpg,2018,美国,喜剧/动作,"6.9/10 from 2,553 users",117分钟,['苏珊娜・福格尔 Susanna Fogel'], ,"['米拉・库尼斯 Mila Kunis', '凯特・麦克金农 Kate McKinnon', '贾斯汀・塞洛克斯 Justin Theroux', '萨姆・修汉 Sam Heughan', '薇尔玛・斯泽克斯 Vilma Szécsi', '哈桑・明哈杰 Hasan Minhaj', '凯文・亚当斯 Kev Adams', '吉莲・安德森 Gillian Anderson', '伊万娜・萨赫诺 Ivanna Sakhno', '简・库丁 Jane Curtin', '保罗・雷瑟 Paul Reiser', '弗雷德・迈拉麦德 Fred Melamed', '詹姆斯・弗雷特 James Fleet', '卡罗琳・皮克尔斯 Carolyn Pickles', '贾斯婷・瓦希伯格 Justine Wachsberger', '汤姆・斯托顿 Tom Stourton', '罗德里克・希尔 Roderick Hill']",奥黛丽（米拉・库妮丝 饰）和摩根（凯特・迈克金农 饰）两位好闺蜜，因奥黛丽前男友的间谍身份，意外被卷入一场国际阴谋，她们开始与各位杀手斗智斗勇，在一名可疑但有魅力的英国特工带领下，实施拯救世界的计划，在欧洲大陆上演惊心动魄又啼笑皆非的国际逃亡之旅。,ftp://ygdy8:ygdy8@yg45.dydytt.net:8355/阳光电影www.ygdy8.com.我的间谍前男友.BD.720p.国英双语双字.mkv
2018年科幻剧情《乔纳森》BD中英双字幕,https://extraimage.net/images/2018/11/16/69f9cac878db5704d3efc2586bce2326.jpg,http://images2.imagebam.com/e3/e4/73/3a0a111037137004.jpg,2018,美国,剧情/科幻, ,95分钟,['Bill Oliver'],['Bill Oliver / Gregory Davis / Peter Nickowitz'],"['安塞尔・艾尔高特 Ansel Elgort', '派翠西娅・克拉克森 Patricia Clarkson', '苏琪・沃特豪斯 Suki Waterhouse', '马特・波莫 Matt Bomer', '道格拉斯・霍奇斯 Douglas Hodges', '乔・埃根德尔 Joe Egender', '泰欧・拉普-奥尔森 Teo Rapp-Olsson', '苏利芒・西尔・萨瓦内 Souleymane Sy Savane', 'Jeff Kim', 'Alaska L. McFadden', 'Julie Mickelson', 'Shunori Ramanathan', 'Ian Unterman']",影片由比尔・奥利弗自编自导。片中塞尔・艾尔高特一人分饰两角，扮演双胞胎兄弟，故事讲述乔纳森原本阻止兄弟约翰和艾琳娜(苏琪・沃特豪斯饰)热恋，然而当自己爱情的春天到来时，一切都发生了变化。,ftp://ygdy8:ygdy8@yg90.dydytt.net:8419/阳光电影www.ygdy8.com.乔纳森.BD.720p.中英双字幕.mkv
2018年纪录片《张艺谋和他的“影”》HD国语中字,https://extraimage.net/images/2018/11/16/a7bc3f14d02309915af170d002e17c4d.jpg,https://lookimg.com/images/2018/11/18/c9oFU.jpg,2018,中国,纪录片,7.1/10 from 1255 users,94分钟,['汪鹏 Peng Wang'], ,"['张艺谋 Yimou Zhang', '赵小丁 Xiaoding Zhao', '陈敏正 Minzheng Chen', '马光荣 Horace Ma', '谷轩昭 Huan-Chiu Ku', '白晓妍 Xiaoyan Bai', '王星会 Xinghui Wang', '黄海 Hai Huang', '捞仔 Lao Zai', '张涛 Tao Zhang', '封柏 Bai Feng', '贾文瑞', '任茂成', '邓超 Chao Deng', '孙俪 Li Sun', '郑恺 Kai Zheng', '王千源 Qianyuan Wang', '胡军 Jun Hu', '关晓彤 Xiaotong Guan', '吴磊 Lei Wu', '王景春 Jingchun Wang']",本片纪录《影》诞生的全过程，展现张艺谋导演及电影主创如何把创意、文字变成一幅完整的水墨丹青的美学画卷。选取幕后电影人作为记录对象，包括演员、美术、摄影、道具、服装、剪辑等各个工种的工作人员，讲述他们为电影中每一帧拍摄做出的细致考量。影片揭示邓超一人分饰两角的秘密，邓超孙俪夫妇互怼互黑的日常，聚光灯外不问收获但问耕耘的幕后英雄，让观众了解中国电影工业的全貌，体验电影人非凡匠心的感动瞬间。,ftp://ygdy8:ygdy8@yg45.dydytt.net:4101/阳光电影www.ygdy8.com.张艺谋和他的影.HD.1080p.国语中字.mp4
2018年冒险《阿尔法：狼伴归途》BD国英双语双字阿尔法：狼伴归途,https://extraimage.net/images/2018/10/26/5eb69271261e4bc695ccbd82a2b180d2.jpg,https://lookimg.com/images/2018/10/26/e5Keo.jpg,2018,美国,剧情/冒险,6.5/10 from 11517 users,96分钟,['艾尔伯特・休斯 Albert Hughes'],"['达恩・威登霍普 Daniele Sebastian Wiedenhaupt', '艾尔伯特・休斯 Albert Hughes']","['柯蒂・斯密特-麦菲 Kodi Smit-McPhee', '约翰内斯・豪克尔・约翰内森 Jóhannes Haukur Jóhannesson', '娜塔莎・迈尔兹 Natassia Malthe', '蕾奥娜・维埃拉 Leonor Varela', '延斯・赫尔腾 Jens Hultén', '梅赛德斯・德拉泽尔达 Mercedes de la Zerda', '普里亚・拉贾拉特南 Priya Rajaratnam', '斯潘塞・博加特 Spencer Bogaert', '帕特里克・弗拉纳根 Patrick Flanagan', '迈克尔・克鲁斯-代赫勒 Michael Kruse-Dahl', '马辛・科瓦奇克 Marcin Kowalczyk']",故事发生于两万年前的欧洲北部，地球正处于弱肉强食的冰川时期。心地善良的男主角科达是部落首领的儿子，在一次部落集体狩猎中，科达不慎跌落悬崖，众人以为科达已死，但大难不死的科达被洪水卷走幸存下来，只身流落荒野。途中科达与一匹野狼相遇，给它起名阿尔法，意即狼群首领。科达在与其相处的过程中逐渐成长，学习“狼性”并存有“仁心”。这对人狼搭档在险恶的世界中相互为伴，一起踏上返乡之路，人与狼之间第一次建立了友谊。随后的种种奇遇，甚至改变了人类和世界的未来……,ftp://ygdy8:ygdy8@yg90.dydytt.net:8418/阳光电影www.ygdy8.com.阿尔法：狼伴归途.BD.720p.国英双语双字.mkv
2018年动作《海军陆战队员6：近距离击杀》BD中英双字幕,https://extraimage.net/images/2018/11/17/4ec7979d12ab6a01b6ef8a5ab140c69f.jpg,https://lookimg.com/images/2018/11/17/iHjyV.jpg,2018,美国,动作/犯罪, , ,['詹姆斯・纳恩 James Nunn'],['Craig Walendziak'],"['迈克尔・米赞宁 ...Jake Carter', '肖恩・迈克尔斯 Shawn Michaels ....Luke Trapper', '亚力克・纽曼 Alec Newman ....Patrick Dillon', '迈克尔・希格斯 Michael Higgs ....Graham Torrence', 'Hester Ruoff ....Kelly', 'Rebecca Quin ....Maddy Hayes', 'Louisa Connolly-Burnham ....Sarah Dillon', '特伦斯・梅纳德 Terence Maynard ....Shawn Taylor', '蒂姆・伍德沃德 Tim Woodward ....Tommy Walker', '马丁・福特 Martyn Ford ....Oscar Hayes', 'Anna Demetriou ....Katrina Rodriguez', 'Daniel Adegboyega ....Lewis Rooney', 'Ellie Goffe ....Kind Juror', 'David William Bryan ....Angry Juror', 'Lee Charles ....John', 'Tom Cheshire ....Blackjack', 'Franco Flammia ....Andy', 'Serhat Metin ....Ahmed', 'Christopher Mulvin ....Young Detective', 'George Russo ....Detective']",《海军陆战队员》正式开拍系列第六部。第五部《杀戮战场》原班人马，包括导演詹姆斯・纳恩和主演迈克尔・米赞宁也已回归续集的制作。此部海军陆战队员讲述杰克・卡特和另一位前海军陆战队员卢克从国际犯罪组织手中被绑架的女孩的故事。,ftp://ygdy8:ygdy8@yg45.dydytt.net:4100/阳光电影www.ygdy8.com.海军陆战队员6：近距离击杀.BD.720p.中英双字幕.mkv
2018年喜剧《公主大对换》BD中英双字幕,https://extraimage.net/images/2018/11/17/b4b0dbc0f1990b350f558e5cd6694c7c.jpg,https://lookimg.com/images/2018/11/17/iIpgq.jpg,2018,美国,喜剧/爱情/家庭, ,101分钟,['麦克・罗尔 Mike Rohl'],['Robin Bernheim/Megan Metzger'],"['凡妮莎・哈金斯 Vanessa Hudgens', '山姆・帕莱迪奥 Sam Palladio', 'Alexa Adeosun', 'Suanne Braun', 'Adi Gheo', 'Nick Sagar']",距离圣诞节还有一周，美丽的蒙特纳罗女公爵玛格丽特与长相跟自己一模一样的芝加哥平民史黛西对换了身份。在圣诞老人助手的魔法下，玛格丽特爱上了史黛西英俊的同事，而史黛西则爱上了玛格丽特的未婚夫，一位风度翩翩的王子。,ftp://ygdy8:ygdy8@yg90.dydytt.net:8417/阳光电影www.ygdy8.com.公主大对换.BD.720p.中英双字幕.mkv
2018年高分动作《碟中谍6：全面瓦解》BD国英双语双字,https://extraimage.net/images/2018/09/14/03fad854ddc2dbb4602c0b6d575510e2.jpg,https://lookimg.com/images/2018/11/07/iixNn.jpg,2018,美国,动作/惊悚/冒险,8.2/10 from 247391 users,147分钟,['克里斯托弗・麦奎里 Christopher McQuarrie'], ,"['汤姆・克鲁斯 Tom Cruise', '亨利・卡维尔 Henry Cavill', '文・瑞姆斯 Ving Rhames', '西蒙・佩吉 Simon Pegg', '丽贝卡・弗格森 Rebecca Ferguson', '西恩・哈里斯 Sean Harris', '安吉拉・贝塞特 Angela Bassett', '凡妮莎・柯比 Vanessa Kirby', '米歇尔・莫纳汉 Michelle Monaghan', '韦斯・本特利 Wes Bentley', '费雷德里克・施密特 Frederick Schmidt', '亚历克・鲍德温 Alec Baldwin', '梁杨 Yang Liang', '克里斯托弗・琼勒 Kristoffer Joner', '沃尔夫・布利策 Wolf Blitzer', '拉斐尔・琼勒 Raphael Joner', '安德鲁・卡扎纳夫・平 Andrew Cazanave Pin', '克里斯多夫・德・舒瓦西 Christophe de Choisy', '拉裴尔・德普雷 Raphael Desprez', '让・巴普蒂斯特・菲永 Jean Baptiste Fillon', '马克斯・盖勒 Max Geller', '奥利维尔・体班德 Olivier Huband', '亚历山大・普尔 Alexandre Poole', '阿利克斯・贝纳泽什 Alix Bénézech', '乔伊・安沙 Joey Ansah', '维利贝・托皮奇 Velibor Topic', '格雷厄姆・福克斯 Grahame Fox', '卡斯珀・菲利普森 Caspar Phillipson', '菲恩・乔利 Ffion Jolly', '鲁斯・贝恩 Russ Bain', '奈杰尔・艾伦 Nigel Allen']",有时好意会造成恶果，人反而被自己所造成的结果所困扰。伊桑・亨特（汤姆・克鲁斯）和他的IMF团队（亚历克・鲍德温、西蒙・佩吉、文・瑞姆斯）将在最新的电影《碟中谍6：全面瓦解》中再度回归，他们会与观众们熟悉的盟友（丽贝卡・弗格森、米歇尔・莫娜汉）一起与时间赛跑，应对一次任务中出现的意外。亨利・卡维尔、安吉拉・贝塞特和凡妮莎・柯比也将加入本片的演员阵容，电影制片人克里斯托夫・迈考利将会再度担任导演。,ftp://ygdy8:ygdy8@yg45.dydytt.net:3153/阳光电影www.ygdy8.com.碟中谍6：全面瓦解.BD.720p.国英双语双字.mkv
2018年悬疑惊悚《小小陌生人》BD中英双字幕,https://extraimage.net/images/2018/11/13/e34e2beb03c8cb47ad8ea0423173c0d7.jpg,https://lookimg.com/images/2018/11/15/iScfc.jpg,2018,爱尔兰/英国/法国,悬疑/惊悚,6.0/10 from 81 users,111分钟,['伦尼・阿伯拉罕森 Lenny Abrahamson'],['露辛达・考克森 Lucinda Coxon/莎拉・沃特丝 Sarah Waters'],"['多姆纳尔・格里森 Domhnall Gleeson', '露丝・威尔森 Ruth Wilson', '乔什・迪伦 Josh Dylan', '夏洛特・兰普林 Charlotte Rampling', '威尔・保尔特 Will Poulter', '达伦・肯特 Darren Kent', '凯特・菲利普斯 Kate Phillips', '迪克西 艾格瑞克斯 Dixie Egerickx', '蒂姆・ 普莱斯特 Tim Plester', '洛娜・麦克法迪 Lorne MacFadyen', '克里斯・科克森 Chris Coxon']",根据萨拉・沃特斯同名小说改编，讲述衰败的艾尔斯家族遭受神秘病痛折磨，医生法拉第医生(格里森饰)被要求治疗他们，可令法拉第惊讶的是自己和这家人的命运紧密联系在一起。,ftp://ygdy8:ygdy8@yg90.dydytt.net:8416/阳光电影www.ygdy8.com.小小陌生人.BD.720p.中英双字幕.mkv
2018年悬疑《暗数杀人/黑数杀人》BD韩语中字,https://extraimage.net/images/2018/11/13/e8dff8c67ed6f922a51feb6430bf87a9.jpg,https://lookimg.com/images/2018/11/13/iEF5H.jpg,2018,韩国,剧情/犯罪/悬疑,6.6/10 from 1624 users,110分钟,['金泰均 Tae-gyun Kim'],"['郭窃 Kyung-Taek Kwak', '金泰均 Tae-gyun Kim']","['金允石 Yoon-suk Kim', '朱智勋 Ji-hun Ju']",影片故事讲述一个变态杀人狂(朱智勋饰)藏匿了7起杀人案，他将和调查这些案件的刑警(金允石饰)展开正面交锋。,ftp://ygdy8:ygdy8@yg45.dydytt.net:6144/阳光电影www.ygdy8.com.暗数杀人.BD.720p.韩语中字.mkv
2018年悬疑动作《低压槽：欲望之城》BD国粤双语中字,https://extraimage.net/images/2018/10/27/33553d1d588a36d193eb95e7673c2c89.jpg,https://lookimg.com/images/2018/11/12/iCwvh.jpg,2018,中国/中国香港,剧情/动作/悬疑/犯罪,4.4/10 from 10167 users,112分钟,['张家辉 Nick Cheung'], ,"['张家辉 Nick Cheung', '徐静蕾 Jinglei Xu', '何炅 Jiong He', '余男 Nan Yu', '苗侨伟 Kiu Wai Miu', '元华 Wah Yuen', '林雪 Suet Lam', '张可颐 Maggie Cheung Ho Yee']",孤城，一座浮华却堕落的罪恶之城，这里充斥着金钱与利益的争夺。然而，在这个亡命之徒的乐园里，仍有少数人坚持着自己心中的正义……警方卧底于秋在上司阿占的运筹帷幄下，多次成功打入当地帮派，斡旋于多方黑色势力之中。于秋在黑帮生活中却好像渐渐迷失自我，他开始怀疑，是否只有“非常”的手段才能主持公正，这让阿占也开始质疑。一次卧底行动中，于秋冒着行动失败的风险和帮派老大激战，结果全体命丧当场。在道德和江湖道义的双重质疑下，于秋选择了自我放逐，他逃离了孤城。然而，于秋内心对惩治罪恶的欲望从未消减，他重整旗鼓回到孤城，而这一次，阿占给他的任务竟然是调查罪恶之城背后最邪恶也最神秘的黑手、人人闻之色变的首脑――“老板”。从一宗离奇的小童绑架案开始，于秋和阿占查出老板的身份和他背后的犯罪网络。神秘的老板控制了商界和黑道，只有毁灭老板才能拯救这座堕落之城。事实上，于秋在追查过程中已经踏入了老板设下的重重圈套。虽然阿占拼死守着法律的底线，老板的势力却渗透了警方权力的高层，于秋渐渐失去了支持，原本要保护的小童也受到生命威胁。在接踵而至的迷局里，坚持正义的于秋好像被推向更深的绝望里……,ftp://ygdy8:ygdy8@yg45.dydytt.net:8350/阳光电影www.ygdy8.com.低压槽：欲望之城.BD.720p.国粤双语中字.mkv
2018年剧情战争《第十二个人》BD中字,https://extraimage.net/images/2018/11/11/c05340e22318b04e361ffd776fb252a2.jpg,http://images2.imagebam.com/78/67/f4/4198161028728694.jpg,2017,挪威,剧情/历史/战争,7.8/10 from 3983 users,135分钟,['哈罗德・兹瓦特 Harald Zwart'],['彼特・斯卡弗兰 Petter Skavlan'],"['乔纳森・莱斯・梅耶斯 Jonathan Rhys Meyers', '托马斯・古勒斯塔德 Thomas Gullestad', '玛丽・布洛克胡斯 Marie Blokhus', '维加・霍尔 Vegar Hoel', '马丁・基弗 Martin Kiefer']","本片根据真实故事改编,第二次大战期间，12名挪威破坏小分队潜入了德国在挪威境内的驻扎港，实施代号为“红色马丁”的破坏计划，11人被捕，第12人得以逃脱，并将秘密文件带回英国……",ftp://ygdy8:ygdy8@yg45.dydytt.net:7349/阳光电影www.ygdy8.com.第十二个人.BD.720p.中字.mkv
2018年剧情动作《法外之王》BD中英双字幕,https://extraimage.net/images/2018/11/10/45756e41f1bb22f6ab01707a5fd9af72.jpg,https://extraimage.net/images/2018/11/10/7d160f688c81d5d42114e696d05b5781.jpg,2018,英国,剧情/动作/传记, ,137分钟,['大卫・马肯兹 David Mackenzie'],['大卫・马肯兹 David Mackenzie'],"['克里斯・派恩 Chris Pine', '亚伦・泰勒-约翰逊 Aaron Taylor-Johnson', '弗洛伦斯・皮尤 Florence Pugh', '比利・豪尔 Billy Howle', '卡兰・马尔韦 Callan Mulvey', '史蒂芬・克里 Steven Cree', 'Lorne MacFadyen']",本片讲述罗伯特・布鲁斯鲜为人知的真实故事。他昔日是战败的贵族，后来不情愿地当上国王，然后在曲折离奇的一年成为法外英雄。为了拯救家人、人民和国家，让中世纪的苏格兰脱离英格兰的暴虐琢欤罗伯特被迫投入战役。他夺得苏格兰国王之位，并召集一批乌合之众，抵抗世界上最强大的军队，而率领这支愤怒的军队的，是凶残的英格兰国王爱德华一世和他喜怒无常的儿子威尔斯亲王。,ftp://ygdy8:ygdy8@yg45.dydytt.net:8349/阳光电影www.ygdy8.com.法外之王.BD.720p.中英双字幕.mkv
2018年高分剧情《我不是药神》HD国语中英双字,https://extraimage.net/images/2018/11/09/1363706dacd2dfcb50bb9b8e2dba6413.jpg,https://lookimg.com/images/2018/11/09/i6NFW.jpg,2018,中国,剧情/喜剧,9.0/10 from 738173 users,117分钟,['文牧野 Muye Wen'],"['韩家女 Jianü Han', '钟伟 Wei Zhong', '文牧野 Muye Wen']","['徐峥 Zheng Xu', '王传君 Chuanjun Wang', '周一围 Yiwei Zhou', '谭卓 Zhuo Tan', '章宇 Yu Zhang', '杨新鸣 Xinming Yang', '王佳佳 Jiajia Wang', '王砚辉 Yanhui Wang', '贾晨飞 Chenfei Jia', '龚蓓 Beibi Gong', '宁浩 Hao Ning', '李乃文 Naiwen Li', '岳小军 Xiaojun Yue', '苇青 Qing Wei', '富冠铭 Guanming Fu', '巴拉特・巴蒂 Bharat Bhatia', '喜利图 Keith Shillitoe', '张海艳 Haiyan Zhang', '朱耕佑 Gengyou Zhu']",普通中年男子程勇（徐峥 饰）经营着一家保健品店，失意又失婚。不速之客吕受益（王传君 饰）的到来，让他开辟了一条去印度买药做“代购”的新事业，虽然困难重重，但他在这条“买药之路”上发现了商机，一发不可收拾地做起了治疗慢粒白血病的印度仿制药独家代理商。赚钱的同时，他也认识了几个病患及家属，为救女儿被迫做舞女的思慧（谭卓 饰）、说一口流利“神父腔”英语的刘牧师（杨新鸣 饰），以及脾气暴烈的“黄毛”（章宇 饰），几个人合伙做起了生意，利润倍增的同时也危机四伏。程勇昔日的小舅子曹警官（周一围 饰）奉命调查仿制药的源头，假药贩子张长林（王砚辉 饰）和瑞士正牌医药代表（李乃文 饰）也对其虎视眈眈，生意逐渐变成了一场关于救赎的拉锯战。本片改编自慢粒白血病患者陆勇代购抗癌药的真实事迹。,ftp://ygdy8:ygdy8@yg45.dydytt.net:7348/阳光电影www.ygdy8.com.我不是药神.HD.1080p.国语中英双字.mp4
2018年爱情喜剧《摘金奇缘》BD中英双字幕,https://extraimage.net/images/2018/11/09/692a560bf1a68904bd57cd13c6d97639.jpg,https://lookimg.com/images/2018/11/09/i6EXQ.jpg,2018,美国,喜剧/爱情,6.6/10 from 11705 users,121分钟,['朱浩伟 Jon M. Chu'], ,"['吴恬敏 Constance Wu', '杨紫琼 Michelle Yeoh', '亨利・戈尔丁 Henry Golding', '嘉玛・陈 Gemma Chan', '奥卡菲娜 Awkwafina', '卢燕 Lisa Lu', '岑勇康 Harry Shum Jr.', '郑肯 Ken Jeong', '水野索诺娅 Sonoya Mizuno', '吴育刚 Chris Pang', '欧阳万成 Jimmy O. Yang', '钱信伊 Ronny Chieng', '瑞米・海依 Remy Hii', '尼科・桑托斯 Nico Santos', '陆思敬 Jing Lusi', '苏慧敏 Carmen Soo', '方展发 Pierre Png', '谢宛谕 Fiona Xie', '维多利亚・洛克 Victoria Loke', '许优美 Janice Koh', '郑花如 Amy Cheng', '许静雯 Chieng Mun Koh', '陈琼华 Kheng Hua Tan', '刘佳镁 Constance Lau', '陈美廪 Selena Tan', '丹尼尔・詹金斯 Daniel Jenkins', '彼得・卡罗尔 Peter Carroll', '查尔斯・格朗斯 Charles Grounds', '陈胤希 Jasmine Chen', '姬丝・阿奎诺 Kris Aquino', '黄苏珊 Susan Wong', '木下众平 Shuhei Kinoshita', '吉娜・格莱尼斯 Kina Grannis', '凯文・关 Kevin Kwan', '卡兰比尔・亨达尔 Karanbir Hundal', '斯蒂芬・杰克 Steph Jack', '纪宝珠 Poh Choo Kee']",纽约土生土长的朱丽秋（吴恬敏 饰）陪拍拖已久的男友杨力（亨利・戈尔丁 饰）回到新加坡参加死党婚礼。丽秋既为首次到亚洲旅行感到兴奋，同时亦因为要拜访杨力的家人而紧张。她在毫无准备的情况下得悉男友一直没有透露的身世……原来杨力不仅是新加坡首富的后人，亦是城中瞩目的“钻石王老 五”。身为女友的丽秋腹背受敌，不单只受到名媛的妒忌，还要面对杨力挑剔的母亲（杨紫琼 饰）阻拦。这一切都证明金钱虽然买不到爱情，却足以令事情变得非常复杂。,ftp://ygdy8:ygdy8@yg45.dydytt.net:8348/阳光电影www.ygdy8.com.摘金奇缘.BD.720p.中英双字幕.mkv
2018年动作喜剧《欧洲攻略》BD国粤双语中字,https://extraimage.net/images/2018/09/14/59515bb9fe1e9da776a2c499f3a3b6dc.jpg,https://lookimg.com/images/2018/11/07/ii4dq.jpg,2018,中国/英国,喜剧/动作/爱情,3.6/10 from 42656 users,100分钟,['马楚成 Jingle Ma'],['小彭'],"['梁朝伟 Tony Leung Chiu Wai', '吴亦凡 Kris Wu', '唐嫣 Yan Tang', '杜鹃 Juan Du', '林子祥 George Lam', '华栖龙 Sergio Deieso', '雅各布 格拉夫 Jakob Philipp Graf', '元秋 Qiu Yuen', '刘家勇 Kar-Yung Lau', '罗莽 Meng Lo', '谢婷婷 Jennifer Tse', '周小飞 Xiaofei Zhou', '林德信 Alex Lam', '陈语安 Katie Chen', '黎烈弓 Cung Le', '杰佳・亚宁 JeeJa Yanin']",《欧洲攻略》是由马楚成执导，梁朝伟、吴亦凡、唐嫣、杜鹃、林子祥等联袂主演的动作电影。影片主要讲述了特工林在风（梁朝伟 饰）与王小姐（唐嫣 饰）多年来亦敌亦友，相互欣赏又互相为敌。上帝右手在CIA被不明身份的苏菲（杜鹃 饰）偷走后，两人同时受CIA委托展开追寻。原本以为只是场谋略较量，但在他们救下顶级黑客洛奇（吴亦凡 饰）后，却发现这背后还隐藏着一个更大的秘密。,ftp://ygdy8:ygdy8@yg45.dydytt.net:8347/阳光电影www.ygdy8.com.欧洲攻略.BD.720p.国粤双语中字.mkv
2018年高分动作《碟中谍6：全面瓦解》HD中英双字幕,https://extraimage.net/images/2018/09/14/03fad854ddc2dbb4602c0b6d575510e2.jpg,https://lookimg.com/images/2018/11/07/iixNn.jpg,2018,美国,动作/惊悚/冒险,8.2/10 from 247391 users,147分钟,['克里斯托弗・麦奎里 Christopher McQuarrie'], ,"['汤姆・克鲁斯 Tom Cruise', '亨利・卡维尔 Henry Cavill', '文・瑞姆斯 Ving Rhames', '西蒙・佩吉 Simon Pegg', '丽贝卡・弗格森 Rebecca Ferguson', '西恩・哈里斯 Sean Harris', '安吉拉・贝塞特 Angela Bassett', '凡妮莎・柯比 Vanessa Kirby', '米歇尔・莫纳汉 Michelle Monaghan', '韦斯・本特利 Wes Bentley', '费雷德里克・施密特 Frederick Schmidt', '亚历克・鲍德温 Alec Baldwin', '梁杨 Yang Liang', '克里斯托弗・琼勒 Kristoffer Joner', '沃尔夫・布利策 Wolf Blitzer', '拉斐尔・琼勒 Raphael Joner', '安德鲁・卡扎纳夫・平 Andrew Cazanave Pin', '克里斯多夫・德・舒瓦西 Christophe de Choisy', '拉裴尔・德普雷 Raphael Desprez', '让・巴普蒂斯特・菲永 Jean Baptiste Fillon', '马克斯・盖勒 Max Geller', '奥利维尔・体班德 Olivier Huband', '亚历山大・普尔 Alexandre Poole', '阿利克斯・贝纳泽什 Alix Bénézech', '乔伊・安沙 Joey Ansah', '维利贝・托皮奇 Velibor Topic', '格雷厄姆・福克斯 Grahame Fox', '卡斯珀・菲利普森 Caspar Phillipson', '菲恩・乔利 Ffion Jolly', '鲁斯・贝恩 Russ Bain', '奈杰尔・艾伦 Nigel Allen']",有时好意会造成恶果，人反而被自己所造成的结果所困扰。伊桑・亨特（汤姆・克鲁斯）和他的IMF团队（亚历克・鲍德温、西蒙・佩吉、文・瑞姆斯）将在最新的电影《碟中谍6：全面瓦解》中再度回归，他们会与观众们熟悉的盟友（丽贝卡・弗格森、米歇尔・莫娜汉）一起与时间赛跑，应对一次任务中出现的意外。亨利・卡维尔、安吉拉・贝塞特和凡妮莎・柯比也将加入本片的演员阵容，电影制片人克里斯托夫・迈考利将会再度担任导演。,ftp://ygdy8:ygdy8@yg45.dydytt.net:3152/阳光电影www.ygdy8.com.碟中谍6：全面瓦解.HD.720p.中英双字幕.mkv
2018年剧情战争《飓风行动》BD中英双字幕,https://extraimage.net/images/2018/11/06/a791329f3f89cd475f7afe72fe6c0afb.jpg,https://lookimg.com/images/2018/11/06/iGFMq.jpg,2018,英国/波兰,剧情/战争,6.3/10 from 135 users,107分钟,['戴维・布莱尔 David Blair'],['Robert Ryan/Alastair Galbraith'],"['伊万・瑞恩 Iwan Rheon', '米洛・吉布森 Milo Gibson', '斯蒂芬妮・马蒂尼 Stefanie Martini', '马辛・多洛辛斯基 Marcin Dorocinski', '克里斯托弗・哈德克 Krystof Hádek', 'Dan Burman', '拉裴尔・德普雷 Raphael Desprez', 'Michel Diercks', '尼古拉斯・法瑞尔 Nicholas Farrell', '萨姆・霍尔 Sam Hoare', '拉多斯劳凯姆 Radoslaw Kaim', 'Michael Keogh', 'Stuart Packer', '罗伯特・波特尔 Robert Portal', '阿德里安・扎仁巴 Adrian Zaremba']",梅尔・吉布森之子米洛・吉布森自在《血战钢锯岭》里献出表演首秀之后，再次加盟二战题材新片《飓风》，出演飞行员约翰尼・肯特。肯特是一名加拿大空军上尉，他在不列颠之战(第二次世界大战期间纳粹德国对英国发动的大规模空战，亦是第二次世界大战中规模最大的空战)中领导一支编号为303的霍克飓风战斗机飞行中队，为抵抗纳粹入侵而奋战，肯特一人击落了13架敌机，并在1935-1956期间服役于英国皇家空军， 被认为是最出色的年轻皇家空军中队长。,ftp://ygdy8:ygdy8@yg72.dydytt.net:8296/阳光电影www.ygdy8.com.飓风行动.BD.720p.中英双字幕.mkv
2018年剧情犯罪《你给的仇恨》HD中英双字幕,https://extraimage.net/images/2018/11/05/83f2fd66d48ce8979d06439adc57f069.jpg,https://lookimg.com/images/2018/11/05/idM4J.jpg,2018,美国,剧情/犯罪,8.0/10 from 530 users,132分钟,['小乔治・提尔曼 George Tillman Jr.'],['奥黛丽・威尔斯 Audrey Wells/Angie Thomas'],"['阿曼德拉・斯坦伯格 Amandla Stenberg', 'K・J・阿帕 K.J. Apa', '雷吉娜・赫尔 Regina Hall', '塞布丽娜・卡彭特 Sabrina Carpenter', '安东尼・麦凯 Anthony Mackie', '科曼 Common', '伊萨・雷 Issa Rae', '罗素・霍恩斯比 Russell Hornsby', '德鲁・斯塔基 Drew Starkey', '阿尔吉・史密斯 Algee Smith', '多米尼克・菲什巴克 Dominique Fishback', '梅根・劳利斯 Megan Lawless', '拉马尔・约翰逊 Lamar Johnson', '凯蕾・里维拉 Kaleigh Rivera', '以利亚・埃弗雷特 Elijah Everett', '大卫・邓斯顿 David Dunston', '阿米切尔 Al Mitchell', '摩西・琼斯 Moses Jones', 'Marcia Wright', 'James Healy Jr.', 'Josh Henry', 'Megan Marie Wilson', 'Shaun McMillan', 'Jacob Evans', 'Brent Moorer Gaskins', 'Mallory Kidwell']",基于Angela Thomas所著同名小说，聚焦种族问题和警察暴行。16岁黑人女主角Starr Carter某天晚上去参加派对，遇到了儿时最好的朋友Khalil，派对之后后者载她回家，两人在路上被一个警察拦下，Khalil被迫下车，随后警察朝徒手的Khalil开枪。此事很快成为全国头条，Khalil被描述为“暴徒、毒贩”，而警察似乎并没有多大兴趣展开调查。 一群抗议者走上街头，将Starr居住的街区变为了战区，大家都尝试弄清楚到底发生了什么，而唯一知道真相的只有Starr，她做了很多采访试图还Khalil清白，她说的话将决定警察是进监狱还是被宣告无罪。,ftp://ygdy8:ygdy8@yg45.dydytt.net:3151/阳光电影www.ygdy8.com.你给的仇恨.HD.720p.中英双字幕.mkv
2018年高分动画喜剧《超人总动员2》BD英国粤三语双字,https://extraimage.net/images/2018/10/23/3207af9a492272d719de72ef6e202db4.jpg,https://lookimg.com/images/2018/11/04/iuJY5.jpg,2018,美国,喜剧/动作/动画/冒险,8.0/10 from 90106 users,118分钟,['布拉德・伯德 Brad Bird'],['布拉德・伯德 Brad Bird'],"['格雷格・T・尼尔森 Craig T. Nelson', '霍利・亨特 Holly Hunter', '莎拉・沃威尔 Sarah Vowell', '赫克・米尔纳 Huck Milner', '伊莱・富西尔 Eli Fucile', '凯瑟琳・基纳 Catherine Keener', '塞缪尔・杰克逊 Samuel L. Jackson', '伊莎贝拉・罗西里尼 Isabella Rossellini', '鲍勃・奥登科克 Bob Odenkirk', '布拉德・伯德 Brad Bird', '索菲亚・布什 Sophia Bush', '乔纳森・班克斯 Jonathan Banks', '约翰・拉岑贝格 John Ratzenberger', '金伯利・阿代尔・克拉克 Kimberly Adair Clark', '托亚・特纳 Toya Turner']",超人家族时隔14年强势回归！这次站在聚光灯下的是弹力女超人海伦（霍利・亨特 配音），超能先生巴鲍勃（格雷格・T・尼尔森 配音）则在家照料巴小倩和巴小飞，过起了“正常人”的居家生活。这一角色转换对于每个家庭成员来说都是艰难的，更何况他们都还没意识到宝宝巴小杰的超能力已经悄然增长。当剧中新反派开始酝酿一个狡诈危险的阴谋，超人家族必须联合酷冰侠（塞缪尔・杰克逊 配音）的力量团结对外――然而即使各自都有超能力，真正做起来却是知易行难。,ftp://ygdy8:ygdy8@yg45.dydytt.net:8344/阳光电影www.ygdy8.com.超人总动员2.BD.720p.英国粤三语双字.mkv
2018年动画喜剧《精灵旅社3：疯狂假期》BD英国粤三语双字,https://extraimage.net/images/2018/09/18/0b79c98c29284727e54ceab7ca013e2f.jpg,https://lookimg.com/images/2018/11/03/ikKZd.jpg,2018,美国,喜剧/动画/奇幻,"6.9/10 from 30,105 users",98分钟,['格恩迪・塔塔科夫斯基 Genndy Tartakovsky'], ,"['亚当・桑德勒 Adam Sandler', '凯瑟琳・哈恩 Kathryn Hahn', '史蒂夫・布西密 Steve Buscemi', '赛琳娜・戈麦斯 Selena Gomez', '阿什・布林克夫 Asher Blinkoff', '梅尔・布鲁克斯 Mel Brooks', '科甘-迈克尔・凯 Keegan-Michael Key', '安迪・萨姆伯格 Andy Samberg', '法兰・德瑞雪 Fran Drescher', '大卫・斯佩德 David Spade', '凯文・詹姆斯 Kevin James', '莫莉・香侬 Molly Shannon', '格恩迪・塔塔科夫斯基 Genndy Tartakovsky', '乔・怀特 Joe Whyte', '克莉丝汀・泰根 Chrissy Teigen', '乔・乔纳斯 Joe Jonas', '吉姆・加菲根 Jim Gaffigan']",德古拉和家人朋友们踏上了一艘邮轮，宿命之敌“吸血鬼猎人”范海辛正在船上布置天罗地网等待“猎物”上门。除了爆笑搞怪，这次的冒险更加惊险刺激而纠结，因为在茫茫大海中，德古拉除了要面对重重家庭阻力、拯救朋友们的压力、也许还有……一个美女?,ftp://ygdy8:ygdy8@yg90.dydytt.net:8412/阳光电影www.ygdy8.com.精灵旅社3：疯狂假期.BD.720p.英国粤三语双字.mkv
2018年高分奇幻《与神同行：罪与罚》BD韩粤双语中字,https://extraimage.net/images/2018/11/02/f237b237e8da3ecad2c617a9116e43d8.jpg,https://lookimg.com/images/2018/11/02/iKkaQ.jpg,2017,韩国,剧情/奇幻,7.7/10 from 103419 users,139分钟,['金容华 Yong-hwa Kim'],['金容华 Yong-hwa Kim'],"['河正宇 Jung-woo Ha', '车太贤 Tae-hyun Cha', '朱智勋 Ji-hun Ju', '金香奇 Hyang-ki Kim', '金东旭 Dong-wook Kim', '芮秀贞 Ye Soo-jung', '李政宰 Jung-Jae Lee', '吴达洙 Dal-su Oh', '林元熙 Won-hie Lim', '都切 Kyung-soo Doh', '张光 Gwang Jang', '郑海钧 Hae-kyun Jung', '金荷娜 Ha-Neul Kim', '金海淑 Hae-suk Kim', '金秀安 Soo-an Kim', '马东锡 Tong-Seok Ma']",阴间有法，所有亡者在死后的49天内都要经过七次审判――分别在杀人狱、懒惰狱、欺骗狱、不义狱、背叛狱、暴力狱、天伦狱中进行，只有通过了七次审判宣告无罪的亡者，才有获得新生的机会。消防员金子洪在一场火灾当中为了救一名女孩而不幸牺牲。地狱使者解怨脉和德春出现在了金子洪的面前。尽管金子洪无法相信自己的死亡，却被德春一脸严肃地告知自己既是亡者、又是贵人。在通往地狱的入口，金子洪遇到了在初军门等着自己的另一位使者江林。他掌管着解怨脉和德春两位使者，同时也将在子洪即将接受的七次审判中为子洪进行辩护。原来倘若阎罗大王在1000年内令49位亡者得以往生，三位使者也可以重新投胎至凡间。他们相信第48位亡者――19年来出现的这位贵人金子洪是可以顺利重获新生的。然而在各地狱里，金子洪的过去接二连三地出现，原来这位贵人也依然有“不能说的秘密”。,ftp://ygdy8:ygdy8@yg90.dydytt.net:8411/阳光电影www.ygdy8.com.与神同行：罪与罚.BD.720p.韩粤双语中字.mkv
2018年高分奇幻《与神同行2：因与缘》BD韩语中英双字,https://extraimage.net/images/2018/09/19/a88b8ed84654ede5d16540b7e9ddd544.jpg,https://lookimg.com/images/2018/11/02/iKgtq.jpg,2018,韩国,动作/奇幻,"7.6/10 from 2,921 users",142分钟,['金容华 Yong-hwa Kim'], ,"['河正宇 Jung-woo Ha', '朱智勋 Ji-hun Ju', '马东锡 Tong-Seok Ma', '金香起 Hyang-ki Kim', '李政宰 Jung-Jae Lee', '赵汉哲 Han-chul Jo', '金明坤 Myung-gon Kim', '金东旭 Dong-wook Kim', '郑惟安 Yoo-ahn Jung', '都切 Kyung-soo Doh']",故事接上集，为了完成阎罗王（李政宰 饰）开出的条件，解怨}（朱智勋 饰）与德春（金香起 饰）与凶悍的城主神（马东锡 饰）展开决斗。江林（河正宇 饰）也力劝一等兵（都切 饰）公开秀鸿意外死亡的真相，就在阴间使者们试图完成任务的同时，千年前，他们生前的悲剧也将被逐一揭开…,ftp://ygdy8:ygdy8@yg45.dydytt.net:8342/阳光电影www.ygdy8.com.与神同行2：因与缘.BD.720p.韩语中英双字.mkv
2018年悬疑恐怖《修女/招魂外传》BD中英双字幕,https://extraimage.net/images/2018/11/02/79be7dc8e6433dda7552095affb38cdf.jpg,https://lookimg.com/images/2018/11/02/iKOTn.jpg,2018,美国,悬疑/惊悚/恐怖,6.1/10 from 4546 users,96分钟,['科林・哈迪 Corin Hardy'],['加里・多伯曼 Gary Dauberman/温子仁 James Wan'],"['德米安・比齐尔 Demián Bichir', '泰莎・法米加 Taissa Farmiga', '乔纳斯・布洛凯 Jonas Bloquet', '邦妮・阿伦斯 Bonnie Aarons', '英格丽・比苏 Ingrid Bisu', '夏洛特・霍普 Charlotte Hope', '桑德拉・特蕾丝 Sandra Teles', '奥古斯特・马图洛 August Maturo', '迈克尔・史麦利 Michael Smiley', '大卫・霍罗维奇 David Horovitch', '丽丽・博尔丹 Lili Bordán', '斯嘉丽・希克斯 Scarlett Hicks', '丽兹・科菲 Izzie Coffey', '迪・布拉雷・贝克尔 Dee Bradley Baker', '黛布拉・威尔逊 Debra Wilson', '马克・斯达格 Mark Steger', '莉迪亚・科洛科 Lidiya Korotko', '艾玛・阿普尔顿 Emma Appleton', '约翰尼・科瓦内 Jonny Coyne', 'Daniel Mandehr', '西蒙・瑞 Simon Rhee', '桑德拉・罗斯科 Sandra Rosko']",一个年轻修女在罗马尼亚与世隔绝的修道院自杀，梵蒂冈派去一名神父和一名快结束见习期的修女展开调查，而神父有令人毛骨悚然的过去。他们一起揭开了教会邪恶的秘密，不仅冒着生命危险，还拿信仰和灵魂当赌注，面临着一股恶毒的力量，恶魔修女再次成为强大的威胁。,ftp://ygdy8:ygdy8@yg45.dydytt.net:7342/阳光电影www.ygdy8.com.修女.HD.720p.韩版中英双字幕.mkv
2018年喜剧《西虹市首富》HD国语中英双字,https://extraimage.net/images/2018/11/01/f8c25b23de193f45105ebd9e671961bd.jpg,https://lookimg.com/images/2018/11/01/izRlg.jpg,2018,中国,喜剧,"6.7/10 from 347,480 users",118分钟,"['闫非 Fei Yan', '彭大魔 Damo Peng']","['闫非 Fei Yan', '彭大魔 Damo Peng', '林炳宝 Bingbao Lin']","['沈腾 Teng Shen', '宋芸桦 Vivian Sung', '张一鸣 Yiming Zhang', '张晨光 Morning Chang', '常远 Yuan Chang', '魏翔 Xiang Wei', '赵自强 Tzu-chiang Chao', '九孔 Kong Jiu', '李立群 Lichun Lee', '王成思 Chengsi Wang', '徐冬冬 Dongdong Xu', '艾伦 Allen', '杨皓宇 Haoyu Yang', '黄才伦 Cailun Huang', '王力宏 Lee-Hom Wang', ""包贝尔 Bei'er Bao"", '郎咸平 Larry Hsien Ping Lang', '张绍刚 Shaogang Zhang', '杨文哲 Wenzhe Yang', '陶亮 Liang Tao', '王赞 Zan Wang', '黄杨 Yang Huang', '刘鉴 Jian Liu', '杨沅翰 Yuanhan Yang', '林炳宝 Bingbao Lin', '骆佳 Jia Luo', '陈昊明 Haoming Chen', '臧一人 Yiren Zang']",西虹市丙级球队大翔队的守门员王多鱼（沈腾 饰）因比赛失利被教练开除，一筹莫展之际王多鱼突然收到神秘人士金老板（张晨光 饰）的邀请，被告知自己竟然是保险大亨王老太爷（李立群 饰）的唯一继承人，遗产高达百亿！但是王老太爷给出了一个非常奇葩的条件，那就是要求王多鱼在一个月内花光十亿，还不能告诉身边人，否则失去继承权。王多鱼毫不犹豫签下了“军令状”，与好友庄强（张一鸣 饰）以及财务夏竹（宋芸桦 饰）一起开启了“挥金之旅”，即将成为西虹市首富的王多鱼，第一次感受到了做富人的快乐，同时也发现想要挥金如土实在没有那么简单！,ftp://ygdy8:ygdy8@yg45.dydytt.net:8340/阳光电影www.ygdy8.com.西虹市首富.HD.1080p.国语中英双字.mp4
2018年动作惊悚《伸冤人2/私刑教育2》BD中英双字幕,https://extraimage.net/images/2018/11/01/19bf411bdfeb4e4b1792b1478f9fa626.jpg,https://lookimg.com/images/2018/11/01/izUG8.jpg,2018,美国,动作/惊悚/犯罪,7.0/10 from 1545 users,121分钟,['安东尼・福奎阿 Antoine Fuqua'],"['理查德・温克 Richard Wenk', '迈克尔・斯隆 Michael Sloan', '理查德・林德海姆 Richard Lindheim']","['丹泽尔・华盛顿 Denzel Washington', '佩德罗・帕斯卡 Pedro Pascal', '艾什顿・桑德斯 Ashton Sanders', '奥森・比恩 Orson Bean', '比尔・普尔曼 Bill Pullman', '梅丽莎・里奥 Melissa Leo', '乔纳森・斯卡弗 Jonathan Scarfe', '沙基纳・贾弗里 Sakina Jaffrey', '卡罗琳・戴 Caroline Day', '特德・阿尔奇迪 Ted Arcidi', '杰伊・赫农 Jay Hieron', '马克西米利安・麦克纳马拉 Maximillian McNamara', '安德烈・阿罗维斯基 Andrei Arlovski']",在老朋友苏珊・普拉默遭遇不测后，黑帮终结者麦考尔重出江湖，与新晋加盟的佩德罗・帕斯卡联手伸张正义以暴制暴。,ftp://ygdy8:ygdy8@yg45.dydytt.net:3150/阳光电影www.ygdy8.com.伸冤人2.BD.720p.中英双字幕.mkv
2018年爱情喜剧《牵线》BD中英双字幕,https://extraimage.net/images/2018/10/25/de0db069b6623c81c7d2590e8eeca3fc.jpg,https://lookimg.com/images/2018/10/25/e1gjD.jpg,2018,美国,喜剧 / 爱情,6.5/10 from 1773 users,105分钟,['克莱尔・斯坎伦 Claire Scanlon'], ,"['佐伊・达奇 Zoey Deutch', '格伦・鲍威尔 Glen Powell', '刘玉玲 Lucy Liu', '泰雅・迪格斯 Taye Diggs', '琼・斯莫斯 Joan Smalls', '梅瑞迪斯・海格纳 Meredith Hagner', '皮特・戴维森 Pete Davidson', '乔恩・鲁德尼茨基 Jon Rudnitsky', '泰塔斯・伯吉斯 Tituss Burgess', '杰克・罗宾森 Jake Robinson', '亚伦・科斯塔・加尼斯 Aaron Costa Ganis', '诺亚・罗宾斯 Noah Robbins', '麦迪逊・阿诺德 Madison Arnold', '伊万・帕克 Evan Parke', '斯蒂芬妮・许 Stephanie Hsu', '斯泰西・爱丽丝・科恩 Stacey Alyse Cohen', '马米・科西科 Marmee Cosico', '何伟清 Wai Ching Ho', '杰奎琳・霍努力克 Jacqueline Honulik', '费斯・洛根 Faith Logan', '桃乐丝・麦卡锡 Doris McCarthy', '雪莉・罗德里格斯 Shyrley Rodriguez']",刘玉玲确认出演Netflix喜剧新片[牵线](Set it Up，暂译)。该片由克莱尔・斯坎隆执导，佐伊・达奇、格伦・鲍威尔、泰雅・迪格斯主演，卡蒂・西尔贝曼编剧。故事讲述两个辛苦工作却酬劳颇低的员工，试图撮合各自的老板在一起，获得自己的解脱。刘玉玲饰演老板之一柯尔斯顿・斯蒂文斯，一位成功却冷酷的体育记者。,ftp://ygdy8:ygdy8@yg45.dydytt.net:6138/阳光电影www.ygdy8.com.牵线.BD.720p.中英双字幕.mkv
2018年惊悚恐怖《幼儿怨》BD粤语中字,https://extraimage.net/images/2018/10/29/9face909fc7c70799d069a06a6b29b95.jpg,https://lookimg.com/images/2018/10/29/i9gld.jpg,2016,中国香港,惊悚/恐怖, ,86分钟,['叶伟英 Wai Ying Yip'],['叶伟英 Wai Ying Yip / 心 / 何健勇'],"['刘心悠 Annie Liu', '刘浩龙 Wilfred Lau', '崔碧珈 Anita Chui', '伍慧珊 Wai-San Ng', '杨柳青 Wiyona Yeung', '曾咏欣 Nicola Tsang', '鲍起静 Hee Ching Paw', '林雪 Suet Lam', '张扬']",外科医生嘉儿（刘心悠 饰）在孤儿院成长，有天离奇收到律师信，得悉还有一个埃ū起静 饰）在马来西亚生活。刚离世的暗囊胖鲆求嘉儿回马来西亚接管大宅。犹豫不决的嘉儿决定跟好姊妹Jessica和Amy前往马来西亚寻找真相，并重遇儿时玩伴苏文（刘浩龙 饰）。办理昂笫缕诩洌恐怖怪事接连发生，大宅更似深藏着不可告人的秘密，嘉儿誓要揭开恐怖致命的真相……,ftp://ygdy8:ygdy8@yg45.dydytt.net:6137/阳光电影www.ygdy8.com.幼儿怨.BD.720p.粤语中字.mkv
2018年高分喜剧《克里斯托弗・罗宾》BD中英双字幕,https://extraimage.net/images/2018/10/26/b6fff6c7236b1b3b59a6b83acce27caa.jpg,https://lookimg.com/images/2018/10/28/erBAz.jpg,2018,美国,喜剧/动画/冒险,8.2/10 from 2089 users,104分钟,['马克・福斯特 Marc Forster'],['汤姆・麦卡锡 Tom McCarthy/A・A・米尔恩 A.A. Milne'],"['海莉・阿特维尔 Hayley Atwell', '伊万・麦克格雷格 Ewan McGregor', ""克里斯・奥多德 Chris O'Dowd"", '托比・琼斯 Toby Jones', '吉姆・库宁斯 Jim Cummings', '彼得・卡帕尔迪 Peter Capaldi', '布拉德・加内特 Brad Garrett', '马克・加蒂斯 Mark Gatiss', '苏菲・奥康内多 Sophie Okonedo', '阿德里安・斯卡伯勒 Adrian Scarborough', '罗杰・阿什顿-格里菲斯 Roger Ashton-Griffiths', '保罗・查希迪 Paul Chahidi', 'Nick Mohammed', '奥利弗・福德・戴维斯 Oliver Ford Davies']",《克里斯托弗・罗宾》真人版讲述了一个温馨的故事。影片中，曾在百亩森林中与这群生机勃勃、惹人怜爱的小动物们嬉闹玩耍的小男孩已经长大成人。如今，眼看他逐渐迷失了人生方向，这群动物伙伴们决心走进人类世界，帮助克里斯托弗・罗宾记起内心深处那个友善活泼的自己。,ftp://ygdy8:ygdy8@yg45.dydytt.net:8338/阳光电影www.ygdy8.com.克里斯托弗・罗宾.BD.720p.中英双字幕.mkv
2018年动作历史战争《大轰炸》HD中英双字幕,https://extraimage.net/images/2018/10/26/b08aa4884902aa7f802ae8df9dcbbfff.jpg,https://lookimg.com/images/2018/10/28/ealTd.jpg,2018,中国,动作/历史/战争, ,132分钟,['萧锋 Feng Xiao'], ,"['刘烨 Ye Liu', '布鲁斯・威利斯 Bruce Willis', '宋承宪 Seung-heon Song', '陈伟霆 William Chan', '范伟 Wei Fan', '马苏 Su Ma', '车永莉 Yongli Che', '吴刚 Gang Wu', '冯远征 Yuanzheng Feng', '张钧甯 Chun-Ning Chang', '耿乐 Le Geng', '谢霆锋 Nicholas Tse', '范冰冰 Bingbing Fan', '陈道明 Daoming Chen', '艾德里安・布洛迪 Adrien Brody', '雷佳 Jia Lei', '涩谷天马 Tenma Shibuya', '张帆 Fan Zhang', '任达华 Simon Yam', '吕良伟 Ray Lui', '胡兵 Hu Bing', '黄海冰 Haibing Huang', '拉莫・威利斯 Rumer Willis', '刘晓庆 Xiaoqing Liu', '曹可凡 Kefan Cao', '黄圣依 Eva Huang', '钟镇涛 Kenny Bee', '爱新觉罗・启星 Qixing Aisin-Gioro', '汪东城 Jiro Wang']",1937年抗日战争爆发，继淞沪战争失利，南京吃紧。中华民族危急存亡之际，国民政府宣布迁都重庆，日军从 1938年2月18日至1944年12月19日，对重庆及周边地区实施无差别轰炸，长达六年零十个月。重庆市民面对日军残酷的狂轰滥炸，依然向死而生、乐观坚强，展现了重庆不死中国不亡的民族气节。为了保卫家 园，年轻的中国飞行员在美国飞行教官的帮助下与日本空军展开了一系列惨烈悲壮的空战。虽然飞行装备远远落后于日 军，但他们宁愿战死在天上，也不在地上苟活，与敌人在长空进行殊死搏斗……,ftp://ygdy8:ygdy8@yg45.dydytt.net:4098/阳光电影www.ygdy8.com.大轰炸.HD.720p.中英双字幕.mkv
2018年高分剧情爱情《冷战/没有烟硝的爱情》BD中英双字幕,https://extraimage.net/images/2018/10/27/e29877554a693d5380a374dd9bb2fbf4.jpg,https://lookimg.com/images/2018/10/27/eIxkJ.jpg,2018,波兰/法国/英国,剧情/爱情,8.1/10 from 1970 users,84分钟,['保罗・帕夫利克夫斯基 Pawel Pawlikowski'],['雅努什・格沃瓦茨基 Janusz Glowacki'],"['乔安娜・库里格 Joanna Kulig', '托马斯・科特 Tomasz Kot', '波利斯・席克 Borys Szyc', '阿伽塔・库莱沙 Agata Kulesza', '塞德里克・康 Cédric Kahn', '让娜・巴利巴尔 Jeanne Balibar', '亚当・费仁希 Adam Ferency', '亚当・沃诺维茨 Adam Woronowicz', '亚当・斯齐斯科斯基 Adam Szyszkowski']",《冷战》讲述了一对背景、性格截然不同的年轻人之间炽热的爱情故事。1950年代冷战期间，在斯大林统治下的波兰和自由放纵的巴黎，一位追求自由的音乐家和一位满怀激情的年轻女歌手坠入了爱河。两个人毫不般配，却命定纠缠。影片以 50 年代冷战期间的波兰、柏林、南斯拉夫和巴黎为背景，描绘了艰难时代中不可能的爱情故事。,ftp://ygdy8:ygdy8@yg45.dydytt.net:8337/阳光电影www.ygdy8.com.冷战.BD.720p.中英双字幕.mkv
2018年冒险剧情《阿尔法：狼伴归途》BD中英双字幕,https://extraimage.net/images/2018/10/26/5eb69271261e4bc695ccbd82a2b180d2.jpg,https://lookimg.com/images/2018/10/26/e5Keo.jpg,2018,美国,剧情/冒险,6.5/10 from 11517 users,96分钟,['艾尔伯特・休斯 Albert Hughes'],"['达恩・威登霍普 Daniele Sebastian Wiedenhaupt', '艾尔伯特・休斯 Albert Hughes']","['柯蒂・斯密特-麦菲 Kodi Smit-McPhee', '约翰内斯・豪克尔・约翰内森 Jóhannes Haukur Jóhannesson', '娜塔莎・迈尔兹 Natassia Malthe', '蕾奥娜・维埃拉 Leonor Varela', '延斯・赫尔腾 Jens Hultén', '梅赛德斯・德拉泽尔达 Mercedes de la Zerda', '普里亚・拉贾拉特南 Priya Rajaratnam', '斯潘塞・博加特 Spencer Bogaert', '帕特里克・弗拉纳根 Patrick Flanagan', '迈克尔・克鲁斯-代赫勒 Michael Kruse-Dahl', '马辛・科瓦奇克 Marcin Kowalczyk']",故事发生于两万年前的欧洲北部，地球正处于弱肉强食的冰川时期。心地善良的男主角科达是部落首领的儿子，在一次部落集体狩猎中，科达不慎跌落悬崖，众人以为科达已死，但大难不死的科达被洪水卷走幸存下来，只身流落荒野。途中科达与一匹野狼相遇，给它起名阿尔法，意即狼群首领。科达在与其相处的过程中逐渐成长，学习“狼性”并存有“仁心”。这对人狼搭档在险恶的世界中相互为伴，一起踏上返乡之路，人与狼之间第一次建立了友谊。随后的种种奇遇，甚至改变了人类和世界的未来……,ftp://ygdy8:ygdy8@yg45.dydytt.net:8336/阳光电影www.ygdy8.com.阿尔法：狼伴归途.BD.720p.中英双字幕.mkv
2018年剧情动作《反贪风暴3/L风暴》HD国语中字,https://extraimage.net/images/2018/10/26/a56f982b41186687fdc2e6eff6ebcc01.jpg,https://lookimg.com/images/2018/10/26/e5B2j.jpg,2018,香港,剧情/动作/犯罪,5.8/10 from 22378 users,97分钟,['林德禄 David Lam'],"['黄浩华 Ho-Wa Wong', '何文龙 Wen Long Ho']","['古天乐 Louis Koo', '张智霖 Julian Cheung', '郑嘉颖 Kevin Cheng', '邓丽欣 Stephy Tang', '嗵炷 Adam Pak', '谢天华 Michael Tse', '张继聪 Louis Cheung', '夏嫣 Anika', '蔡瀚亿 Babyjohn Choi', '廖启智 Kai Chi Liu', '谭耀文 Patrick Tam', '卢海鹏 Hoi-Pang Lo', '罗兰 Lan Law', '麦长青 Cheung-Ching Mak', '张松枝 Deno Cheung', '陈庭欣 Toby Chan', '丁海峰 Haifeng Ding', '冯雷 Lei Feng', '李昕岳 Xinyue Li']","ICAC (廉政公署) 陆志廉（古天乐 饰），JFIU (联合财富情报组) 刘保强（张智霖 饰）分别侦查贪污及洗黑钱案，但苦无线索，这时廉政公署L组 (内部纪律调查组) 程德明（郑嘉颖 饰）收到Eva（邓丽欣 饰）举报，指陆志廉收贿1,200万，陆无法辩解即时停职。刘发现陆被诬陷，并跟一直调查的洗黑钱案有着千丝万缕关系，同时怀疑银行主任游子新（嗵炷 饰）协助犯罪集团首脑王海禾（谭耀文 饰）洗黑钱；中国反贪局侦查处处长洪亮（丁海峰 饰）来港，给刘保强提供了重要情报，原来洗黑钱案牵涉内地贪腐官员，陆港合力打击贪腐；陆亦冒险搜集罪证却遭禁锢，命悬一线……",ftp://ygdy8:ygdy8@yg45.dydytt.net:3148/阳光电影www.ygdy8.com.反贪风暴3.HD.1080p.国语中字.mp4
2018年8.0分动画喜剧《超人总动员2》HD中英双字幕,https://extraimage.net/images/2018/10/23/3207af9a492272d719de72ef6e202db4.jpg,https://extraimage.net/images/2018/10/25/b542cb4637c9f8b1cde1662a7ba4f0f3.jpg,2018,美国,喜剧/动作/动画/冒险,8.0/10 from 90106 users,118分钟,['布拉德・伯德 Brad Bird'],['布拉德・伯德 Brad Bird'],"['格雷格・T・尼尔森 Craig T. Nelson', '霍利・亨特 Holly Hunter', '莎拉・沃威尔 Sarah Vowell', '赫克・米尔纳 Huck Milner', '伊莱・富西尔 Eli Fucile', '凯瑟琳・基纳 Catherine Keener', '塞缪尔・杰克逊 Samuel L. Jackson', '伊莎贝拉・罗西里尼 Isabella Rossellini', '鲍勃・奥登科克 Bob Odenkirk', '布拉德・伯德 Brad Bird', '索菲亚・布什 Sophia Bush', '乔纳森・班克斯 Jonathan Banks', '约翰・拉岑贝格 John Ratzenberger', '金伯利・阿代尔・克拉克 Kimberly Adair Clark', '托亚・特纳 Toya Turner']",超人家族时隔14年强势回归！这次站在聚光灯下的是弹力女超人海伦（霍利・亨特 配音），超能先生巴鲍勃（格雷格・T・尼尔森 配音）则在家照料巴小倩和巴小飞，过起了“正常人”的居家生活。这一角色转换对于每个家庭成员来说都是艰难的，更何况他们都还没意识到宝宝巴小杰的超能力已经悄然增长。当剧中新反派开始酝酿一个狡诈危险的阴谋，超人家族必须联合酷冰侠（塞缪尔・杰克逊 配音）的力量团结对外――然而即使各自都有超能力，真正做起来却是知易行难。,ftp://ygdy8:ygdy8@yg45.dydytt.net:4097/阳光电影www.ygdy8.com.超人总动员2.HD.720p.中英双字幕.mkv
2018年动作《22英里/拳力逃脱》BD中英双字幕,https://extraimage.net/images/2018/10/23/e9accc6878789d075eb81856082b66dc.jpg,https://lookimg.com/images/2018/10/25/es87V.jpg,2018,美国,动作/犯罪/冒险,6.5/10 from 345 users,94分钟,['彼得・博格 Peter Berg'],['Lea Carpenter/Graham Roland'],"['马克・沃尔伯格 Mark Wahlberg', '劳伦・科汉 Lauren Cohan', '伊科・乌艾斯 Iko Uwais', '约翰・马尔科维奇 John Malkovich', '龙达・鲁西 Ronda Rousey', '卡尔洛・阿尔班 Carlo Alban', 'Natasha Goubskaya', '李彩麟 Chae-rin Lee', '山姆・麦地那 Sam Medina', 'Keith Arthur Bolden', 'Billy Smith', 'Myke Holmes', '艾米莉・ 斯凯格斯 Emily Skeggs', '特里・金尼 Terry Kinney', '普娜・贾甘纳坦 Poorna Jagannathan', '彼得・博格 Peter Berg', '尼古拉・尼克拉斐 Nikolai Nikolaeff', '巴拉克・奥巴马 Barack Obama', '里克・佩雷斯 Rick Perez', '唐纳德・特朗普 Donald Trump']",马克・沃尔伯格和彼得・伯格将四度联手，为STX打造一部动作片[22英里]。故事讲述沃尔伯格饰演的CIA探员试图将一名污点证人送往22英里外的机场，但一路上却危机四伏。据悉，彼得・伯格有望将该片打造成三部曲。目前片方还未公布卡司及影片开机时间。,ftp://ygdy8:ygdy8@yg45.dydytt.net:3147/阳光电影www.ygdy8.com.22英里.BD.720p.中英双字幕.mkv
2018年剧情《私人生活/非孕私生活》BD中英双字幕,https://extraimage.net/images/2018/10/15/02b495a974d3aa22483f97f871acaf7e.jpg,https://lookimg.com/images/2018/10/18/eeLZJ.jpg,2018,美国,剧情,7.8/10 from 361 users,124分钟,['塔玛拉・詹金斯 Tamara Jenkins'], ,"['凯瑟琳・哈恩 Kathryn Hahn', '保罗・吉亚玛提 Paul Giamatti', '希博汗・法隆 Siobhan Fallon', '艾米丽 罗宾森 Emily Robinson', '马米・科西科 Marmee Cosico', ""丹尼斯・欧哈拉 Denis O'Hare""]",理查 (Richard)（保罗・贾麦提 (Paul Giamatti) 饰）和瑞秋 (Rachel)（凯瑟琳・哈恩 (Kathryn Hahn) 饰）因不孕而饱受煎熬。这对夫妻一心投入辅助生育和领养安排，在这个狭小领域中愈陷愈深，同时还要为维M婚姻付出努力。他们尝试了试管婴儿，情绪和财务都受到严重影响，眼看中年就要步入尾声，感觉山穷水尽之际，刚从大学辍学的莎蒂（凯丽・卡特 (Kayli Carter) 饰）出现并再次进入了他们的生活，一切也终于开始好转。,ftp://ygdy8:ygdy8@yg45.dydytt.net:7333/阳光电影www.ygdy8.com.私人生活.BD.720p.中英双字幕.mkv
2018年动作《黄金兄弟/新古惑仔》HD国粤双语中字,https://extraimage.net/images/2018/10/24/34d053b6da6659a114268769028aba9f.jpg,https://lookimg.com/images/2018/10/24/eRuOj.jpg,2018,中国,动作/犯罪,5.2/10 from 13965 users,99分钟,['钱嘉乐 Kar Lok Chin'],"['金东圭', '郭建乐 Kin-Lok Kwok', '李敏 Erica Lee', '麦曦茵 Heiward Mak']","['郑伊健 Ekin Cheng', '陈小春 Jordan Chan', '谢天华 Michael Tse', '钱嘉乐 Kar Lok Chin', '林晓峰 Jerry Lamb', '曾志伟 Eric Tsang', '佘诗曼 Charmaine Sheh', '张雅玫 Yamei Zhang']",狮王（郑伊健 饰）、火山（陈小春 饰）、Bill（谢天华 饰）、淡定（钱嘉乐 饰）、老鼠（林晓峰 饰）五个出生入死的兄弟，在恩师曹sir（曾志伟 饰）的带领下，为了救济儿童而偷取特效药，却惨遭设局，陷入枪林弹雨的险境之中。兄弟们抱着视死如归的豪情，展开一连串的追查与激战。他们明白，即使无法活着回来，也比一人活着痛快！,ftp://ygdy8:ygdy8@yg45.dydytt.net:4096/阳光电影www.ygdy8.com.黄金兄弟.HD.1080p.国粤双语中字.mkv
2018年剧情传记《快乐王子》BD中英双字幕,https://extraimage.net/images/2018/10/22/8d22f99f1ea0fb350bd28c0a087186cb.jpg,https://lookimg.com/images/2018/10/22/eC5IV.jpg,2018,英国/比利时/意大利/德国,剧情/传记,7.3/10 from 1228 users,105分钟,['鲁伯特・艾弗雷特 Rupert Everett'],['鲁伯特・艾弗雷特 Rupert Everett'],"['鲁伯特・艾弗雷特 Rupert Everett', '科林・费尔斯 Colin Firth', '艾米丽・沃森 Emily Watson', '科林・摩根 Colin Morgan', '埃德温・托马斯 Edwin Thomas', '汤姆・威尔金森 Tom Wilkinson', '安娜・钱斯勒 Anna Chancellor', '朱利安・沃德姆 Julian Wadham', '碧翠斯・黛尔 Béatrice Dalle', '安德烈・彭文 André Penvern', '约书亚・麦圭尔 Joshua McGuire', '克里斯蒂安・布朗查特 Christian Bronchart', '奥利弗・凯特 Oliver Cater', '罗纳德・皮卡普 Ronald Pickup', '约翰・斯坦丁 John Standing', '本杰明・沃辛 Benjamin Voisin', '丹尼尔・韦曼 Daniel Weyman']",奥斯卡・王尔德传记片，鲁伯特・艾弗雷特自编自导自演，该片在圣丹斯电影节及英国上映好评如潮，被赞为鲁伯特・艾弗雷特职业生涯最佳，主演还有科林・费尔斯、科林・摩根、艾米丽・沃森和汤姆・威尔金森等。本片讲述奥斯卡・王尔德（鲁伯特・艾弗雷特 饰）在人世间最后的日子里鲜为人知的悲剧。他以旁观者的角度冷眼审视着自己的失败，以超然而幽默的方式看待着自己人生中的不幸。,ftp://ygdy8:ygdy8@yg45.dydytt.net:8330/阳光电影www.ygdy8.com.快乐王子.BD.720p.中英双字幕.mkv
2018年惊悚动作《加尔维斯顿》BD中英双字幕,https://extraimage.net/images/2018/10/21/55efebe38ee312d011150425b71609d3.jpg,https://lookimg.com/images/2018/10/21/ejDEo.jpg,2018,美国,动作 / 惊悚 / 犯罪,6.8/10 from 162 users,91分钟,['梅拉尼・罗兰 Mélanie Laurent'],['吉姆・哈米特 Jim Hammett / 尼克・皮佐拉托 Nic Pizzolatto'],"['艾丽・范宁 Elle Fanning', '丽丽・莱因哈特 Lili Reinhart', '本・福斯特 Ben Foster', '玛利亚・瓦沃德 María Valverde', '博・布里奇斯 Beau Bridges', '罗伯特・阿拉马约 Robert Aramayo', '阿德普波・奥杜耶 Adepero Oduye', '婷斯莉・普莱斯 Tinsley Price', '安妮斯顿・普莱斯 Anniston Price', 'Tuesday Beebe', 'Christopher Amitrano', '贾迈尔・钱伯斯 Jamel Chambers', '海蒂・莱万多夫斯基 Heidi Lewandowski', '迈克尔・雷・伊斯卡米拉 Michael Ray Escamilla', '杰弗里・格罗弗 Jeffrey Grover', 'Robert Martin Steinberg', 'Brent Moorer Gaskins', '约翰・阿彻尔・朗格伦 John Archer Lundgren']",艾丽・范宁、本・福斯特参演新片《加尔维斯顿》(Galveston，暂译)。影片根据尼克・皮佐拉托同名小说改编，梅拉尼・罗兰执导，尼克・皮佐拉托操刀剧本。故事讲述一名逃避追杀的中年人带着无意中拯救的妓女亡命天涯。然而，他们即将面临巨大的困境和威胁。本片将于明年1月开拍。,ftp://ygdy8:ygdy8@yg45.dydytt.net:7328/阳光电影www.ygdy8.com.加尔维斯顿.BD.720p.中英双字幕.mkv
2018年悬疑动作《协商/极智对决》BD韩语中字,https://extraimage.net/images/2018/10/21/187784578f7cd133968b8e6a5ec17352.jpg,https://lookimg.com/images/2018/10/21/ejj9H.jpg,2018,韩国,动作/惊悚/犯罪/悬疑,7.0/10 from 1327 users,114分钟,['李钟] Jong-Seok Lee'],['崔成贤 Sung-Hyun Choi'],"['孙艺珍 Ye-jin Son', '玄彬 Hyun Bin', '金相浩 Sang-ho Kim', '张荣男 Young-nam Jang', '张光 Gwang Jang', '赵勇进 Yeong-jin Jo', '朴成根 Park Sung-geun', '朴修荣 Park Soo-young', '金民尚 Kim Min-sang', '李诗雅 Shi-ah Lee', '崔秉默 Byung-mo Choi', '李t Lee Hyeon', '金熙镇 Hee-jin Kim', '李珠英 Joo-young Lee', 'Doo-hyeon Kang', '李文植 Mun-shik Lee']",该影片讲述利用无法预知的方法时时刻刻施压的恐怖主义者和与其进行激烈脑力战争的女谈判专家之间反复对决的恐怖犯罪题材故事，玄彬挑战反面角色饰演军火走私犯，孙艺珍饰演首尔地方警察厅危机协商组成员。,ftp://ygdy8:ygdy8@yg45.dydytt.net:3146/阳光电影www.ygdy8.com.协商.BD.720p.韩语中字.mkv
2018年悬疑动作《狄仁杰之四大天王》BD国语中字,https://extraimage.net/images/2018/08/30/09da45ad15c0508d5ac5da8f336bf58c.jpg,https://lookimg.com/images/2018/10/20/e6wsv.jpg,2018,中国/中国香港,动作/悬疑/古装,"6.5/10 from 92,590 users",132分钟,['徐克 Hark Tsui'], ,"['赵又廷 Mark Chao', '冯绍峰 Shaofeng Feng', '林更新 Gengxin Lin', '阮经天 Ethan Juan', '马思纯 Sichun Ma', '刘嘉玲 Carina Lau', '盛鉴 Chien Sheng', '杨一威 Yiwei Yang', '宝日夫 Bao Ri Fu', '张傲月 Aoyue Zhang', '孙蛟龙 Jiaolong Sun', '汪汐潮 Xichao Wang', '释胜钢 Shenggang Shi', '李炳雷 Binglei Li', '许明虎 Tiger Xu']",狄仁杰（赵又廷 饰）大破神都龙王案后，高宗（盛鉴 饰）御赐神器亢龙锏，遭天后武则天（刘嘉玲 饰）嫉妒，天后为盗取亢龙锏陷害狄仁杰，召集了一帮会方术的“异人组”图谋不轨，并命令尉迟真金（冯绍峰 饰）带队。狄仁杰在医官沙陀忠（林更新 饰）的帮助下成功摆脱“异人组”迫害，并和尉迟真金商议和解，与此同时“异人组”刺客水月（马思纯 饰）却发现都城出现不明势力，在狄仁杰周旋于武则天的埋伏时，大唐陷入更深的危机，“封魔族”携异术登场，一场“屠魔”大战即将爆发……,ftp://ygdy8:ygdy8@yg72.dydytt.net:8294/阳光电影www.ygdy8.com.狄仁杰之四大天王.BD.720p.国语中字.mkv
2018年科幻动作《人狼》BD韩语中英双字,https://extraimage.net/images/2018/08/22/71433154907f9b3f44334ddb41d62da8.jpg,https://lookimg.com/images/2018/10/20/e6nkg.jpg,2018,韩国,动作/爱情/科幻,5.1/10 from 888 users,138分钟,['金知云 Jee-woon Kim'], ,"['姜栋元 Dong-won Kang', '韩孝周 Hyo-joo Han', '郑雨盛 Woo-sung Jung', '金武烈 Moo-yeol Kim', '韩艺礼 Ye-ri Han', '许峻豪 Jun-ho Heo', '崔珉豪 Min-ho Choi', '申银秀 Eun-soo Shin', '崔镇浩 Jin-ho Choi', '玉子妍 Ok Ja-yeon', '李延 Lee Je-yeon', '李东河 Lee Dong-Ha', '李率求 Seol-goo Lee', '沈昭英 So-yeong Sim', '郑元中 Won-jung Jeong', '金宰荣 Jae-young Kim', '刘尚宰 Sang-jae Yoo', '郑基燮 Gi-seop Jeong', '刘志龙 Ji-yong Yoo', '金范来 Kim Beop-rae', '金哲允 Cheol-yoon Kim', '林智亨 Ji-hyeong Im', '朴秉恩 Byung-eun Park', '文艺媛 Ye-won Moon', '全汝彬 Jeon Yeo-bin', '张元亨 Jang Won-hyeong', '洪仁 Hong In', '朴晟泽 Song-tech Park', '金炫俊 Kim Hyun-jun', '文在元 Jae-won Moon', '姜贤重 Hyun-joong Kang', '朴正植 Jeong-sik Park', '郑米楠 Mi-nam Jung', '朴亨洙 Park Hyoung-soo', '林哲亨 Lim Chul-hyung', '朴珠熙 Joo-hee Park', '金贤昌 Kim Hyeon-chang']",金知云导演根据1999年出品的押井守动画电影《人狼》改编执导的韩国真人科幻电影《人狼》日前敲定卡司阵容，除最初锁定的男主人公的扮演者姜栋元外，韩孝珠、郑雨盛、金武烈、韩艺璃也确定加盟。2024年，朝鲜半岛局势发生重大变化。为了抵制美、俄、中、日四国的压力，朝鲜与韩国决定统一。然而，韩国国内反对统一的呼声甚嚣尘上，怀有不同政治目的的“党派”则在乱象中起到推波助澜的作用。为此，韩国政府组建了全新的警察组织特殊机动队以镇压动乱，结果导致了果川走火事件。从此以后，特殊机动队遭到民众乃至部分政客的憎恶，而公安部更试图伺机解散特殊部队。2029年，在最近一次行动中受伤的特殊部队成员林钟景（姜栋元 饰），在昔日战友而今成为公安部干部韩尚宇（金武烈 饰）的安排下，与果川事件遇害女孩的姐姐李允熙（韩孝周 饰）会面。谁知，这却是一场攸关林钟景以及整个特殊部队命运的圈套……本片根据押井守的同名动画改编。,ftp://ygdy8:ygdy8@yg45.dydytt.net:8327/阳光电影www.ygdy8.com.人狼.BD.720p.韩语中英双字.mkv
2018年爱情喜剧《真爱百分百》BD法语中英双字,https://extraimage.net/images/2018/10/20/1d107774c484c55ca3d583a6022d229a.jpg,https://lookimg.com/images/2018/10/20/e6p65.jpg,2018,法国,喜剧 / 爱情,8.2/10 from 118 users,107分钟,['弗朗克・迪博斯克 Franck Dubosc'],['弗朗克・迪博斯克 Franck Dubosc'],"['弗朗克・迪博斯克 Franck Dubosc ....Jocelyn', '亚历山德拉・拉米 Alexandra Lamy ....Florence', '艾尔莎・泽贝斯坦 Elsa Zylberstein ....Marie', '热拉尔・达尔蒙 Gérard Darmon ....Max', '洛朗・巴图 Laurent Bateau ....Julien', '克洛德・布拉瑟 Claude Brasseur ....Papa Jocelyn', 'Caroline Anglade ....Julie', 'Fran?ois-Xavier Demaison ....Curé de Lourdes', 'Léticia Belliccini ....La fille saoule', 'Christophe Canard ....Jacques', 'Sam Chemoul ....Fils de Fred et de Coco', 'Francis Coffinet ....Priest', 'Marion Henin ....Doublure Alexandra Lamy', 'Gérard Lecaillon ....Le père de Julie', 'Christian Miegakanda ....Member of a funeral', 'Lika Minamoto ....Rachida']",Jocelyn是一个成功的商人，自私并且喜欢玩弄女性。他假装自己患有残疾，因为想去勾搭一个年轻漂亮的女人，但是有一天Jocelyn发现“猎物”的姐姐坐在轮椅上出现在自己面前……,ftp://ygdy8:ygdy8@yg45.dydytt.net:7327/阳光电影www.ygdy8.com.真爱百分百.BD.720p.法语中英双字.mkv
2018年动作《黑夜降临/嗜人之夜》BD中英双字幕,https://extraimage.net/images/2018/10/20/36747c5b9d2cb5deedbf91ef416efffb.jpg,https://lookimg.com/images/2018/10/20/e6EJD.jpg,2018,印度尼西亚,动作, ,121分钟,['提莫・塔哈亚托 Timo Tjahjanto'],['提莫・塔哈亚托 Timo Tjahjanto'],"['乔・塔斯利姆 Joe Taslim', '伊科・乌艾斯 Iko Uwais', '朱莉・埃斯特尔 Julie Estelle', '桑尼・庞 Sunny Pang', '扎克・李 Zack Lee', 'Shareefa Daanish', '耶皮・喀什南达 Epy Kusnandar', 'Hannah Al Rashid']",《嗜人之夜》围绕伊托（乔・塔斯利姆饰演）展开，他曾经是一名三合会打手，他的神秘消失在雅加达引发了一场激战。而现在他要保护一位少女，还要逃离前帮派的追杀。,ftp://ygdy8:ygdy8@yg90.dydytt.net:8408/阳光电影www.ygdy8.com.黑夜降临.BD.720p.中英双字幕.mkv
2018年科幻《此刻只有你共我》BD中英双字幕,https://extraimage.net/images/2018/10/18/7e0a18720884fd30d3f2be42f06d9028.jpg,https://lookimg.com/images/2018/10/18/eLnCJ.jpg,2018,美国,科幻, ,93分钟,['瑞德・穆拉诺 Reed Morano'], ,"['彼特・丁拉基 Peter Dinklage', '艾丽・范宁 Elle Fanning', '夏洛特・甘斯布 Charlotte Gainsbourg', '保罗・吉亚玛提 Paul Giamatti']",Del独存于世，在人类被消灭后，他生活在他那狭小、空荡荡的小镇里，满足于独居和他为自己精心设计的乌托邦，直到他被女孩Grace发现，她的背景和动机都是模糊的，更糟糕的是，她想留下来……,ftp://ygdy8:ygdy8@yg45.dydytt.net:4095/阳光电影www.ygdy8.com.此刻只有你共我.BD.720p.中英双字幕.mkv
2018年奇幻动作《古剑奇谭之流月昭明》HD国语中英双字,https://extraimage.net/images/2018/10/18/e87b47795743d72874e9a5f22888418b.jpg,https://lookimg.com/images/2018/10/18/eiuBR.jpg,2018,中国,动作/奇幻/古装,"4.7/10 from 4,198 users",105分钟,['雷尼・哈林 Renny Harlin'], ,"['王力宏 Lee-Hom Wang', '宋茜 Victoria Song', '高以翔 Godfrey Gao', '高圣远 Archie Kao', '吴千语 Karena Ng', '张智霖 Julian Cheung', '柳岩 Yan Liu', '李媛 Yuan Li', '伍嘉成 Humphrey Wu', '那威 Wei Na', '纪焕博 Rock Ji']",长安少侠乐无异（王力宏 饰），为追寻偃甲大师谢衣（高圣远 饰）的下落，与富家公子夏夷则（高以翔 饰）和百草谷天罡战士闻人羽（宋茜 饰）在海市博卖行相遇，并意外牵涉进流月城大祭司沈夜（张智霖 饰）与心魔企图毁灭人类的惊天交易中。欲消灭心魔，必重铸昭明神剑，乐无异、闻人羽、夏夷则在谢衣的提示下，找到封印在画中的神秘少女阿阮（吴千语 饰），并同她一起踏上寻剑之旅。一场斩杀心魔，拯救苍生的正义之战就此展开……,ftp://ygdy8:ygdy8@yg72.dydytt.net:8292/阳光电影www.ygdy8.com.古剑奇谭之流月昭明.HD.1080p.国语中英双字.mkv
2018年动作喜剧《老娘也要当间谍》BD中英双字幕,https://extraimage.net/images/2018/10/18/efa6d139e28098fe4d4057813276f690.jpg,https://lookimg.com/images/2018/10/17/eYRzt.jpg,2018,美国,喜剧/动作,"6.9/10 from 2,553 users",117分钟,['苏珊娜・福格尔 Susanna Fogel'], ,"['米拉・库尼斯 Mila Kunis', '凯特・麦克金农 Kate McKinnon', '贾斯汀・塞洛克斯 Justin Theroux', '萨姆・修汉 Sam Heughan', '薇尔玛・斯泽克斯 Vilma Szécsi', '哈桑・明哈杰 Hasan Minhaj', '凯文・亚当斯 Kev Adams', '吉莲・安德森 Gillian Anderson', '伊万娜・萨赫诺 Ivanna Sakhno', '简・库丁 Jane Curtin', '保罗・雷瑟 Paul Reiser', '弗雷德・迈拉麦德 Fred Melamed', '詹姆斯・弗雷特 James Fleet', '卡罗琳・皮克尔斯 Carolyn Pickles', '贾斯婷・瓦希伯格 Justine Wachsberger', '汤姆・斯托顿 Tom Stourton', '罗德里克・希尔 Roderick Hill']",奥黛丽（米拉・库妮丝 饰）和摩根（凯特・迈克金农 饰）两位好闺蜜，因奥黛丽前男友的间谍身份，意外被卷入一场国际阴谋，她们开始与各位杀手斗智斗勇，在一名可疑但有魅力的英国特工带领下，实施拯救世界的计划，在欧洲大陆上演惊心动魄又啼笑皆非的国际逃亡之旅。,ftp://ygdy8:ygdy8@yg45.dydytt.net:8325/阳光电影www.ygdy8.com.老娘也要当间谍.BD.720p.中英双字幕.mkv
2018年喜剧《高速路上一只猫》BD意大利语中字,https://extraimage.net/images/2018/10/18/5b7fc5f919cf805d0433daaa811c2fb1.jpg,https://lookimg.com/images/2018/10/18/eemdD.jpg,2017,意大利,喜剧, ,100,['瑞卡多・米拉尼 Riccardo Milani'], ,"['宝拉・柯特莱西 Paola Cortellesi ....Monica', '安东尼奥・阿尔巴内斯 Antonio Albanese ....Giovanni', '索尼娅・贝加马斯科 Sonia Bergamasco ....Luce', 'Luca Angeletti ....Giulio', ""Antonio D'Ausilio ....Francesco"", 'Alice Maselli ....Agnese', 'Simone de Bianchi ....Alessio', '克劳迪奥・阿门多拉 Claudio Amendola ....Sergio', 'Nicole Biondi ....Donna Think Tank', 'Giorgia Calderoni ....Figlia Marika', 'Giuditta Cambieri ....Suor Costanza', 'Silvia Cohen ....Padrona di casa a Capalbio', 'Nicoletta del Principe ....Signora che canta', 'Paolo Di Clementi ....Alvaro', 'Alessandra Giudicessa ....Pamela', 'Valentina Giudicessa ....Sue Ellen', 'Moena Grandi ....Moena', 'Giulia Greco ....Silvia', 'Mehdi Hachemi ....Member of the european parliament', 'Nele Hardiman ....EU parliamentarian', 'Elide Imperatori ....Contessa', 'Alla Krasovitzkaya ....Yolanka', 'Franca Leosini ....Franca Leosini', 'Patrizia Loreti ....Lavinia']",乔凡尼和莫妮卡是地表上最南辕北辙的人；乔凡尼住在罗马市中心，是个知识份子，深信社会上各个族群一定能顺利融合；莫妮卡住在市郊，原本是超市的收银员，每天都在应付多元文化和族群产生的种种问题；要不是儿女交往，这两个人根本不会有交集。没有共通点的他们只有一个共同的目标：儿女这一段恋情，就像误闯高速公路的猫一样命不久矣，一定要彻底斩断！,ftp://ygdy8:ygdy8@yg45.dydytt.net:7325/阳光电影www.ygdy8.com.高速路上一只猫.HD.720p.意大利语中字.mkv
2018年奇幻恐怖《地狱铁匠》BD中英双字幕,https://extraimage.net/images/2018/10/17/d9631776306f47627ca5d45bcb1fb31e.jpg,https://lookimg.com/images/2018/10/17/eYSY8.jpg,2018,西班牙/法国,奇幻/恐怖,6.3/10 from 171 users,98min,['Paul Urkijo Alijo'], ,"['坎迪多・乌兰加 Kandido Uranga ....Patxi', '恩尼科・萨伽多伊 Eneko Sagardoy ....Sartael', '乌玛・布拉卡利亚 Uma Bracaglia ....Usue', 'Ramón Aguirre ....Alfredo', 'Gorka Aguinagalde ....Teniente', 'Josean Bengoetxea ....Santi', 'José Ramón Argoitia ....Mateo', 'I?igo de la Iglesia ....Miguel', 'Gotzon Sanchez ....Faustino', 'Aitor Urcelai ....Benito', 'Itziar Itu?o ....Ana', 'Maite Bastos ....Blanca', 'Zigor Bilbao ....Nestor', 'Jon Ander Alonso ....Lucas', 'Naia Garcia ....Cristina', 'Haizea Garcia ....Claudia']",本片根据西班牙民间故事改编。在巴斯克地区偏远的深山里住着一位神秘的铁匠，传闻他是魔鬼的化身，令四周的村民闻风丧胆。某天，小女孩意外闯入铁匠的家，竟在这个阴森诡异的巢穴里发现天大的秘密！而寻找女孩的村民们也决定组成一只敢死队，前往铁匠家搜索……,ftp://ygdy8:ygdy8@yg45.dydytt.net:3145/阳光电影www.ygdy8.com.地狱铁匠.BD.720p.中英双字幕.mkv
2018年奇幻喜剧《抱歉打扰》BD中英双字幕,https://extraimage.net/images/2018/10/17/120e954241c5ccd878430f2f683893cb.jpg,https://lookimg.com/images/2018/10/17/eqSYQ.jpg,2018,美国,喜剧/奇幻,7.4/10 from 651 users,111分钟,['布茨・赖利 Boots Riley'], ,"['勒凯斯・斯坦菲尔德 Lakeith Stanfield', '泰莎・汤普森 Tessa Thompson', '杰梅因・福勒 Jermaine Fowler', '欧玛瑞・哈德威克 Omari Hardwick', '泰瑞・克鲁斯 Terry Crews', '凯特・贝兰特 Kate Berlant', '迈克尔・X・萨默斯 Michael X. Sommers', '丹尼・格洛弗 Danny Glover', '史蒂文・元 Steven Yeun', '艾米・汉莫 Armie Hammer', '罗伯特・朗斯特里特 Robert Longstreet', '大卫・克罗斯 David Cross', '帕顿・奥斯瓦尔特 Patton Oswalt', '莉莉・詹姆斯 Lily James', '福里斯特・惠特克 Forest Whitaker', '罗莎里奥・道森 Rosario Dawson', '大卫・芬恩 David Fine', '陈庭妮 Annie Chen']",一个自尊心极强的黑人电话推销员刚在提升业绩方面找到了捷径，便无意发现了隐藏在公司背后的黑暗秘密，他不得不在保持沉 默和说出真相间做出选择。,ftp://ygdy8:ygdy8@yg45.dydytt.net:6134/阳光电影www.ygdy8.com.抱歉打扰.BD.720p.中英双字幕.mkv
2018年爱情喜剧《敬畏/情陷高达》BD中英双字幕,https://extraimage.net/images/2018/10/16/2826803aa0c5645355b4406d8f21fe3f.jpg,https://lookimg.com/images/2018/10/17/eq3Sn.jpg,2017,法国/意大利/缅甸,喜剧/传记/爱情,"6.6/10 from 1,700 users",107分钟,['迈克尔・哈扎纳维希乌斯 Michel Hazanavicius'], ,"['路易・加瑞尔 Louis Garrel', '斯塔西・马汀 Stacy Martin', '贝热尼丝・贝乔 Bérénice Bejo', '米莎・莱斯科特 Micha Lescot', '格莱高利・嘉德波瓦 Grégory Gadebois', '费利克斯・基赛勒 Félix Kysyl', '亚瑟・欧瑟 Arthur Orcier', '马克・弗赖兹 Marc Fraize', '霍曼・顾皮勒 Romain Goupil', '让-皮埃尔・莫基 Jean-Pierre Mocky', '圭多・卡普里诺 Guido Caprino']",影片由奥斯卡最佳影片《艺术家》的导演米歇尔・哈扎纳维希乌斯执导，聚焦上世纪六七十年代的法国影坛，要讲述戈达尔和女作家/演员安妮・维亚泽姆斯基之间真实的爱情故事，由路易斯・加瑞尔出演五月风暴时期的戈达尔。,ftp://ygdy8:ygdy8@yg45.dydytt.net:7324/阳光电影www.ygdy8.com.敬畏.BD.720p.中英双字幕.mkv
2018年高分纪录片《孪生陌生人》BD中英双字幕,https://extraimage.net/images/2018/10/16/0e5248563cf15d443d7d9a3f9653ddda.jpg,https://lookimg.com/images/2018/10/17/eqVmt.jpg,2018,英国,纪录片,7.9/10 from 520 users,96分钟,['Tim Wardle'], ,"['Eddy Galland', 'David Kellman', 'Robert Shafran']",简　　1980年的纽约，三个完全陌生的人意外地发现他们是三胞胎，在出生时分开。 这三个19岁的孩子们欢乐团聚使得他们成为国际知名人士，但这也解开了一个超越自己生活的让人感到不安的秘密，并且永远改变了我们对人性的理解。,ftp://ygdy8:ygdy8@yg45.dydytt.net:6133/阳光电影www.ygdy8.com.孪生陌生人.BD.720p.中英双字幕.mkv
2018年剧情传记《最终行动》BD中英双字幕,https://extraimage.net/images/2018/10/15/c1581e59d2995678e0196cfcd4e3046f.jpg,https://lookimg.com/images/2018/10/16/e07ic.jpg,2018,美国,剧情/传记/历史,6.4/10 from 212 users,122分钟,['克里斯・韦兹 Chris Weitz'], ,"['奥斯卡・伊萨克 Oscar Isaac', '本・金斯利 Ben Kingsley', '梅拉尼・罗兰 Mélanie Laurent', '利奥・拉兹 Lior Raz', '尼克・克罗尔 Nick Kroll', '迈克尔・阿伦诺夫 Michael Aronov', '欧哈德・诺勒 Ohad Knoller', '托本・利布雷希特 Torben Liebrecht', '乔・阿尔文 Joe Alwyn', '格列塔・斯卡奇 Greta Scacchi', '彼得・斯特劳斯 Peter Strauss', '海莉・露・理查森 Haley Lu Richardson', 'Pêpê Rapazote', '西蒙・拉塞尔・比尔 Simon Russell Beale', '阿兰・柯德勒 Allan Corduner']",改编自著名历史真实事件：以色列摩萨德组织追捕纳粹德国高官、被称为“死刑执行者”的阿道夫・艾希曼的故事。金斯利饰演艾希曼；阿尔文饰他最年长的儿子克劳斯，在追捕行动期间为了隐藏父亲的身份而谎称是他叔叔；伊萨克饰摩萨德小队领导Peter Malkin，与罗兰饰演的小队唯一女性、麻醉学者Hanna有感情戏；理查森饰克劳斯的女友Sylvia Herman，她起初不顾家人警告和反对疯狂爱上了克劳斯，最终转投摩萨德；阿隆诺夫饰摩萨德特工Zvi Aharoni，傲慢不羁，经常和Peter Malkin发生争执；拉兹饰摩萨德局长Isser Harel。,ftp://ygdy8:ygdy8@yg45.dydytt.net:8323/阳光电影www.ygdy8.com.最终行动.BD.720p.中英双字幕.mkv
2018年获奖剧情《未择之路》HD国语中英双字,https://extraimage.net/images/2018/10/15/44d8969ada3cb228fcb584a5be1b1bb8.jpg,https://lookimg.com/images/2018/10/15/efNdo.jpg,2018,中国,剧情/犯罪,"6.9/10 from 7,052 users",113分钟,['唐高鹏 Gaopeng Tang'], ,"['王学兵 Xuebing Wang', '朱耕佑 Gengyou Zhu', '马伊P Yili Ma', '王旭峰 Xufeng Wang', '岳小军 Xiaojun Yue', '王槊 Shuo Wang', '曲高位 Gaowei Qu']",无边的戈壁滩上，欠下高利贷的二勇（王学兵 饰）意外与来历不明的孩子尕娃（朱耕佑 饰）踏上了一段凶险的追妻之旅，笔直又狭长的公路上，二勇和尕娃与忧郁暴躁的女卡车司机小眉（马伊P 饰）相遇，三个性格迥异的人因故临时结伴而行，在穿越戈壁的三天两夜里，三个孤独的人度过了一段恍若家人的时光。随着旅途的继续，他们邂逅的人和遭遇的事，使得每个人命运发生了重大改变，人的命，路的头，在苍茫天地之下都变得微不足道……,ftp://ygdy8:ygdy8@yg45.dydytt.net:6131/阳光电影www.ygdy8.com.未择之路.HD.1080p.国语中英双字.mp4
2018年恐怖《解除好友2：暗网》BD中英双字幕,https://extraimage.net/images/2018/10/15/10c89235cdec045e290b564af4b25fb1.jpg,https://lookimg.com/images/2018/10/15/ehqrH.jpg,2018,美国,犯罪/恐怖,"7.9/10 from 35,559 users",92分钟,['斯蒂芬・思科 Stephen Susco'], ,"['科林・伍德尔 Colin Woodell', '斯蒂芬妮・诺格拉斯 Stephanie Nogueras', '瑞贝卡・瑞滕豪斯 Rebecca Rittenhouse', '安德鲁斯・李斯 Andrew Lees', '贝蒂・加布里埃尔 Betty Gabriel', '康纳・戴尔・里奥 Connor Del Rio', '萨维拉・温蒂亚尼 Savira Windyani', '切尔西・阿尔登 Chelsea Alden', '道格拉斯・泰特 Douglas Tait', '阿什顿・斯迈利 Ashton Smiley', '阿历萨・芒索 Alexa Mansour']",马迪亚斯（科林・伍德尔 Colin Woodell 饰）的女友阿玛雅（斯蒂芬妮・诺格拉斯 Stephanie Nogueras 饰）是一名聋哑人，为了能够和阿玛雅顺利的交流，马迪亚斯煞费苦心，然而两人之间的关系却还是每况愈下，这让马迪亚斯的内心有着隐隐的不安。一天，马迪亚斯在一家咖啡店里捡到了一台笔记本电脑，鬼使神差之下，马迪亚斯将电脑带回了家，通过电脑里保存的用户名和密码，马迪亚斯登录了电脑主人的个人主页，发现这似乎是一个不学无术的花花公子。马迪亚斯通过这台电脑和好友莎伦娜（瑞贝卡・瑞滕豪斯 Rebecca Rittenhouse 饰）、达蒙（安德鲁斯・李斯 Andrew Lees 饰）、娜丽（贝蒂・加布里埃尔 Betty Gabriel 饰）等人联机视频，随着时间的推移，他们渐渐发现了隐藏在这台电脑里的可怕的秘密。,ftp://ygdy8:ygdy8@yg72.dydytt.net:8289/阳光电影www.ygdy8.com.解除好友2：暗网.BD.720p.中英双字幕.mkv
2018年动作《蜀山降魔传》BD国粤双语中字,https://extraimage.net/images/2018/10/14/b27014d4c6f1cf892f037b5b50448419.jpg,https://lookimg.com/images/2018/10/15/e8r6Q.jpg,2018,中国,动作/爱情/武侠, ,84分钟,['朱凌锋'], ,"['吴卓羲 Ron Ng', '李熹子', '李亚男 Leanne Lee', '赵闪闪']",烽烟四起，烟沙弥漫，仙魔两族相对而立，杀意冲天。 两族对战，死伤无数，圣母梵天以己身为祭，封印魔族，终止了一切。仙族虽胜却几近覆灭，昆仑掌门玉清子也为救小弟子而死，惨胜之后，三界恢复平静，两门以休养生息。而那个被救的小弟子萧何，却在五百年后，众人意料之内地不学无术又在众人意料之外地有了成长。 五百年，修仙无岁月，三界平静多年，只偶尔有小妖出没，萧何带着几个徒弟过着有事收收妖，没事和峨眉女弟子原幼清谈谈地下恋情的闲散生活。直至一日，已经身死的玉清子出现在萧何面前时，阴谋拉开，并且一切都偏离了原本，变得危险且无法控制……,ftp://ygdy8:ygdy8@yg45.dydytt.net:8321/阳光电影www.ygdy8.com.蜀山降魔传.BD.720p.国粤双语中字.mkv
2018年悬疑惊悚《使徒》BD中英双字幕,https://extraimage.net/images/2018/10/13/b2cbfbc9e9d0fb94379ea908ff61bcd5.jpg,https://lookimg.com/images/2018/10/13/eKqUe.jpg,2018,美国,悬疑/惊悚/恐怖, ,129分钟,['加雷斯・埃文斯 Gareth Evans'], ,"['丹・史蒂文斯 Dan Stevens', '麦克・辛 Michael Sheen', '露西・宝通 Lucy Boynton', '马克・路易斯・琼斯 Mark Lewis Jones', '比尔・米尔纳 Bill Milner', '克里斯汀・弗劳赛斯 Kristine Froseth', '埃伦・里斯 Elen Rhys', '安妮斯・埃尔维 Annes Elwy', ""罗斯・奥亨尼西 Ross O'Hennessey"", '斯图尔特・麦克尼尔 Stuart McNeil', 'Ioan Hefin', 'Juke Hardy', 'Rhys Meredith']",麦克・辛加盟加雷斯・埃文斯自编自导的惊悚片[使徒]，同时加盟的演员还包括露西・宝通、比尔・米尔纳、克里斯汀・弗劳赛斯，此前“大表哥”丹・史蒂文斯已确定参演。故事讲述一个男人因妹妹被邪教份子绑架，决定独闯龙潭、实施复仇计划。,ftp://ygdy8:ygdy8@yg45.dydytt.net:8320/阳光电影www.ygdy8.com.使徒.BD.720p.中英双字幕.mkv
2018年惊悚《镜中人》BD中英双字幕,https://extraimage.net/images/2018/10/13/764fb51113415b6ffb3b552e1299b16a.jpg,https://lookimg.com/images/2018/10/14/ekCPU.jpg,2018,美国,惊悚, ,103分钟,['阿萨夫・伯恩斯坦 Assaf Bernstein'], ,"['英迪娅・埃斯利 India Eisley ....Maria / Airam', '詹森・艾萨克 JJason Isaacs ....Dan', 'Penelope Mitchell ....Lily', '米拉・索维诺 Mira Sorvino ....Amy', 'Harrison Gilbertson ....Sean', 'Kristen Harris ....Naomi', 'Adam Hurtig ....English Teacher', 'John C. MacDonald ....Mark', 'Connor Peterson ....Younger brother', 'Cristina Segovia ....(voice)', 'Tyson Wagner ....Student', 'Jordan Butterill ....Jordan the Posse Member', 'Ryan Bennett ....Extra', 'Burt Lancon ....Coach', 'Braeley Hobbs ....Blonde Woman']",十八岁女孩玛丽亚经常受到同学欺负，使她变得自卑，害怕。有一天她发现镜子里的另一个她，艾兰。艾兰既勇敢又无畏，帮助玛丽亚开启了复仇之路……,ftp://ygdy8:ygdy8@yg45.dydytt.net:7320/阳光电影www.ygdy8.com.镜中人.BD.720p.中英双字幕.mkv
2018年惊悚动作《卧底》BD中英双字幕,https://extraimage.net/images/2018/10/13/cb2b45a0c672d249fac6c5a37162338b.jpg,https://lookimg.com/images/2018/10/13/eBtw5.jpg,2018,菲律宾,动作/惊悚, ,127分钟,['埃里克・马蒂 Erik Matti'], ,"['安妮・柯蒂斯 Anne Curtis', '茱蒂蒙・琼查容苏因 Chutimon Chuengcharoensukying', 'Victor Neri', 'Joross Gamboa', '诺尼・布埃诺卡米诺 Noni Buencamino', 'Natthacha De Souza', 'Sonny Sison', 'Brandon Vera', 'Nafa Hilario-Cruz', 'Bawriboon Chanreuang']","After surviving the slaughter of her entire squad in a drug raid compromised by dirty cops, anti-narcotics special operative Nina Manigan (Anne Curtis), is eager to go head-to-head with the drug cartels that hold a bloody grip on Manila. But when her new mission in the city's most dangerous slum goes south, the angry civilians turn on her squad. Trapped between a brutal drug gang and hordes of bloodthirsty citizens, their only option is to fight their way out, turning one claustrophobic street at a time into a symphony of apocalyptic violence.",ftp://ygdy8:ygdy8@yg90.dydytt.net:8405/阳光电影www.ygdy8.com.卧底.BD.720p.中英双字幕.mkv
2017年科幻动作《莫莉》BD中英双字幕,https://extraimage.net/images/2018/10/13/63699339bf338a335dfdc05988862179.jpg,https://lookimg.com/images/2018/10/13/eBbBA.jpg,2017,荷兰 Netherlands,动作/科幻, ,91分钟,['Colinda Bongers / Thijs Meuwese'], ,"['茱莉娅・巴特兰 Julia Batelaan ....Molly', 'Emma de Paauw ....Bailey', 'Joost Bolt ....Deacon', 'Annelies Appelhof ....Kimmy', 'Andre Dongelmans ....Fifth Wheel', 'Arnost Kraus ....Earl', 'Ali Sultan ....Augre', 'Tamara Brinkman ....Margaret', 'Cyriel Guds ....Simon', 'Shilton Chelius ....The Thruth', 'Anne May De Lijser ....Forest Supplicant', ""Fransje Christiaans ....Bailey's Mom"", ""Daan Colijn ....Bailey's Dad"", 'Cheraine Baljé ....Girl in patient gown', 'Ewald Tienkamp ....Guard']",A girl living alone in a post apocalyptic wasteland finds herself hunted down by marauders who want her to fight in their fighting pit for their entertainment.,ftp://ygdy8:ygdy8@yg45.dydytt.net:8319/阳光电影www.ygdy8.com.莫莉.BD.720p.中英双字幕.mkv
2018年尼古拉斯・凯奇惊悚《世界之间》BD中英双字幕,https://extraimage.net/images/2018/10/10/17f2c7a43a3e8b494a2b9b623b087eeb.jpg,https://lookimg.com/images/2018/10/11/e2B7n.jpg,2018,美国,惊悚, ,90分钟,['Maria Pulera'], ,"['尼古拉斯・凯奇 Nicolas Cage', '弗朗卡・波滕特 Franka Potente', '佩内洛普・米契尔 Penelope Mitchell', '加勒特・克莱顿 Garrett Clayton', '莉蒂亚・赫斯特 Lydia Hearst', '霍珀・潘 Hopper Penn', '托姆・威廉姆斯 Thom Williams']",尼古拉斯・凯奇将主演超自然惊悚片《世界之间》。本片由玛利亚・普莱拉自编自导，弗朗卡・波滕特、佩内洛普・米契尔、加勒特・克莱顿同时加盟。影片讲述凯奇扮演的卡车司机，因妻儿去世整日遭受折磨。一位灵媒为了找到自己昏迷女儿的灵魂而找上他。,ftp://ygdy8:ygdy8@yg45.dydytt.net:8318/阳光电影www.ygdy8.com.世界之间.BD.720p.中英双字幕.mkv
2018年动画奇幻《康斯坦丁：恶魔之城》BD中英双字幕,https://extraimage.net/images/2018/10/10/f528bee42a23e0f0b2c3a2b02826c802.jpg,https://lookimg.com/images/2018/10/11/eUFfM.jpg,2018,美国,动画/奇幻,7.9/10 from 279 users,90分钟,['道格・墨菲 Doug Murphy'], ,"['马特・瑞安 Matt Ryan', ""达米恩・奥哈尔 Damian O'Hare"", '劳拉・贝莉 Laura Bailey', ""艾米丽・奥布莱恩 Emily O'Brien"", '罗宾・阿特金・唐斯 Robin Atkin Downes', 'Rachel Kimsey', '吉姆・麦司奇门 Jim Meskimen', '凯文・迈克尔・理查德森 Kevin Michael Richardson', 'Rick D. Wasserman']",CW Seed的网剧《康斯坦丁：恶魔之城》准备发布一部长篇的版本正如网剧《雌狐》一样，5集的《康斯坦丁：恶魔之城》将汇编在一起并加入新片段，最终转换成一部完整的电影。,ftp://ygdy8:ygdy8@yg45.dydytt.net:7318/阳光电影www.ygdy8.com.康斯坦丁：恶魔之城电影版.BD.720p.中英双字幕.mkv
2018年科幻悬疑恐怖《等待指示》BD中英双字幕,https://extraimage.net/images/2018/10/10/43c0b065efd4fc3f7150b4860e752b73.jpg,https://lookimg.com/images/2018/10/11/eUHjv.jpg,2018,英国,科幻/悬疑/恐怖, ,91分钟,['Johnny Kevorkian'], ,"['大卫・布拉德利 David Bradley', '阿比盖尔・克鲁特登 Abigail Cruttenden', 'Holly Weston', '萨姆・吉斯 Sam Gittins', 'Grant Masters', 'Neerja Naik', 'Kris Saddler']",圣诞节时，一个相互关系失和的家庭在他们密闭的房子里，通过电视收到了令人不安的指示信息，让他们在一场可怕的生存之战中互相攻击……,ftp://ygdy8:ygdy8@yg45.dydytt.net:3143/阳光电影www.ygdy8.com.等待指示.BD.720p.中英双字幕.mkv
2018年惊悚动作《阿尔忒弥斯酒店》BD中英双字幕,https://extraimage.net/images/2018/10/10/0e8b82124b8aaacba41a38b2d04ff877.jpg,https://lookimg.com/images/2018/10/10/eZjq3.jpg,2018,美国/英国,动作/犯罪/惊悚,5.7/10 from 873 users,93分钟,['德鲁・皮尔斯 Drew Pearce'], ,"['朱迪・福斯特 Jodie Foster', '斯特林・K・布朗 Sterling K. Brown', '索菲亚・波多拉 Sofia Boutella', '杰夫・高布伦 Jeff Goldblum', '布莱恩・泰里・亨利 Brian Tyree Henry', '珍妮・斯蕾特 Jenny Slate', '扎克瑞・昆图 Zachary Quinto', '查理・戴 Charlie Day', '戴夫・巴蒂斯塔 Dave Bautista', '肯尼斯・崔 Kenneth Choi', '乔希・蒂尔曼 Josh Tillman', '伊万・琼斯 Evan Jones', '内森・戴维斯 Nathan Davis Jr.', '拉美西斯・希梅内斯 Ramses Jimenez', '安杰拉・斯普林克尔 Angela Sprinkle', '巴尔迪普・辛格 Baldeep Singh', '布兰顿・莫拉莱斯 Brandon Morales', '坦纳・吉尔 Tanner Gill']",影片由德鲁・皮尔斯执导，朱迪・福斯特主演，戴夫・巴蒂斯塔、索菲亚・波多拉出演。在近未来洛杉矶一家专门为罪犯疗伤的医院，福斯特饰演的护士在工作中偶然发现一名举止怪异的病人，与此同时其他病患却接连死于非命……,ftp://ygdy8:ygdy8@yg45.dydytt.net:8316/阳光电影www.ygdy8.com.阿尔忒弥斯酒店.BD.720p.中英双字幕.mkv
2018年恐怖《恶灵之家》BD中英双字幕,https://extraimage.net/images/2018/10/09/0a3c7ae719d8b43ed3555a34bf9060dc.jpg,https://lookimg.com/images/2018/10/10/eZC9v.jpg,2018,美国,恐怖,4.0/10 from 118 users, ,['奥拉弗・约翰内斯松 Olaf de Fleur Johannesson'], ,"['弗洛伦斯・皮尤 Florence Pugh', '西莉亚・伊姆里 Celia Imrie', '本・劳埃德-休斯 Ben Lloyd-Hughes', 'Scott Chambers', 'Georgina Bevan']",一群穷困潦倒的大学生为了赚取外快，开办了一家“捉鬼”公司，当地的老人真的以为他们有捉鬼的能力，当他们被雇佣去一家老旧的孤儿院捉鬼时，一些令人不安的事也开始悄然发生……,ftp://ygdy8:ygdy8@yg45.dydytt.net:7316/阳光电影www.ygdy8.com.恶灵之家.BD.720p.中英双字幕.mkv
2018年剧情爱情《江湖儿女》HD国语中字,https://extraimage.net/images/2018/10/08/b0407ef4bc33c9c7e8762920fa370418.jpg, ,2018,中国/法国/日本,剧情/爱情/犯罪,"7.7/10 from 101,709 users",137分钟(中国)/141分钟,['贾樟柯 Zhangke Jia'], ,"['赵涛 Tao Zhao', '廖凡 Fan Liao', '徐峥 Zheng Xu', '梁嘉艳 Casper Liang', ""刁亦男 Yi'nan Diao"", '张一白 Yibai Zhang', '丁嘉丽 Jiali Ding', '张译 Yi Zhang', '董子健 Zijian Dong', '李宣 Xuan Li', '查娜 Chana', '冯家妹 Jiamei Feng', '康亢 Kang Kang', '张晓军 Xiaojun Zhang', '柳敏 Min Liu', '王谭 Tan Wang', '原文倩 Wenqian Yuan']",故事开始于2001年的山西大同，巧巧（赵涛 饰）和斌斌（廖凡 饰）相恋多年，巧巧一心希望能够和斌斌成家过安稳的生活，但斌斌身为当地的大佬，有着自己更高远的志向。一场意外中，斌斌遭人暗算危在旦夕，巧巧拿着斌斌私藏的手枪挺身而出救了斌斌，自己却因为非法持枪而被判处了五年的监禁。一晃眼五年过去，出狱后的巧巧发现整个世界都发生了翻天覆地的变化，唯一不变的是她对斌斌真挚的感情。巧巧跋山涉水寻找斌斌的下落，但此时的斌斌早已经失去了往日的锋芒，而且身边已有了新的女友。身无分文的巧巧靠着自己的智慧摸爬滚打，终于为自己挣得了一片天地。,ftp://ygdy8:ygdy8@yg45.dydytt.net:8314/阳光电影www.ygdy8.com.江湖儿女.HD.720p.国语中字.mkv
2018年惊悚恐怖《吉屋》BD国粤双语中字,https://extraimage.net/images/2018/10/07/bf5569831b6380648c9e8d573f38d10a.jpg,https://lookimg.com/images/2018/10/08/Yy9gs.jpg,2018,中国香港,惊悚/恐怖, ,98分钟,['蒋开诗 Jeffrey Chiang'], ,"['陈家乐 Carlos Chan', '汤加文 Carmen Tong', '张国强 Kwok Keung Cheung', '龚慈恩 Mimi Kung', '麦子乐 Bryant Ji-Lok Mak']",土地问题，用吉屋去解决。 Charlie（陈家乐饰） 是一位有志的年轻地产经纪，机缘巧合下离职加入一家由Gordon（张国强饰）和Lucy（龚慈恩饰）经营的房地产公司。随后，Charlie 发现原来这家新公司之所以能成功，全靠他们将凶宅以低价购入，再以高价出售。尽管如此，Charlie 还是抵挡不了丰厚佣金的诱惑，决定埋没自己的良心，将这些凶宅卖给顾客，甚至出售给前女友Shermaine（汤加文饰）及好兄弟Earnest（麦子乐饰），任由他们被鬼魂缠身……,ftp://ygdy8:ygdy8@yg45.dydytt.net:7314/阳光电影www.ygdy8.com.吉屋.BD.720p.国粤双语中字.mkv
2018年动作喜剧《大师兄》HD国语中字,https://extraimage.net/images/2018/10/05/90c7e1960e166ed9f150ce4ca9d99c69.jpg,https://lookimg.com/images/2018/10/05/YSXLR.jpg,2018,中国/中国香港,喜剧/动作,"5.3/10 from 6,774 users",100分钟,['阚家伟 Jia Wei Kan'], ,"['甄子丹 Donnie Yen', '陈乔恩 Joe Chen', '喻亢 Kang Yu', '骆明 Mingjie Luo', '汤君慈', '汤君耀', '李靖筠 Gladys Li', '刘朝健', '林秋楠 Qiunan Lin', '云千千 QianQian Yun', '林嘉华 Dominic Lam', '张坚庭 Alfred Cheung', '骆应钧 Ying Kwan Lok', '李枫 Fung Lee', '欧阳伟豪 Benjamin Au Yeung', '楼南光 Billy Lau', '张文杰 Man Kit Cheung']",陈侠，一位初出茅庐的教师，他的学生全是品学皆劣的边缘青年，陈侠运用非常教学的手法，从家访、投其所好、甚至修补各人的家庭关系，化解每位学生的问题，最终把全班学生收服！一切向好之际，陈侠遇到黑道人物鹰哥，为了学生，陈侠跟鹰哥展开一场守护学生前途的终极大战！,ftp://ygdy8:ygdy8@yg45.dydytt.net:7312/阳光电影www.ygdy8.com.大师兄.HD.720p.国语中字.mkv
2018年科幻惊悚《黑暗心灵》BD中英双字幕,https://extraimage.net/images/2018/10/03/8e5423ce470f41c0215bfb2981246afc.jpg,https://lookimg.com/images/2018/10/04/Ypj0g.jpg,2018,美国,科幻/惊悚,5.5/10 from 185 users,104分钟,['吕寅荣 Jennifer Yuh'], ,"['阿曼德拉・斯坦伯格 Amandla Stenberg', '曼迪・摩尔 Mandy Moore', '格温多兰・克里斯蒂 Gwendoline Christie', '布莱德利・惠特福德 Bradley Whitford', '哈里斯・迪金森 Harris Dickinson', ""马克・奥布莱恩 Mark O'Brien"", '韦德・威廉姆斯 Wade Williams', '华莱士・朗翰 Wallace Langham', '帕特里克・吉布森 Patrick Gibson', '高顿・布鲁克斯 Golden Brooks', '司盖兰・布鲁克斯 Skylan Brooks', '凯萨琳・戴尔 Catherine Dyer', '米娅・切赫 Miya Cech', '佩顿・威奇 Peyton Wich', '凯蕾・里维拉 Kaleigh Rivera', '查尔斯・格林 Charles Green', '卡尔森・霍尔姆斯 Carson Holmes', '莉娅・朱厄特 Lidya Jewett', '盖奇・劳森 Gage Lawson']",基于Alexandra Bracken所著同名畅销青少年小说，讲述在一场疾病夺走了美国98%的儿童的生命后，剩余的2%发展出了超能力，他们被安置在拘留营中。一名16岁女孩逃离了营地，加入一群青少年的团队，躲避政府的追捕，踏上奇幻冒险旅程。,ftp://ygdy8:ygdy8@yg90.dydytt.net:8403/阳光电影www.ygdy8.com.黑暗心灵.BD.720p.中英双字幕.mkv
2018年剧情历史《中英街1号》BD粤语中字,https://extraimage.net/images/2018/10/03/ba20160feff4873704978c5e9fd0a5e8.jpg,https://lookimg.com/images/2018/10/03/YbpQm.jpg,2017,中国香港,剧情/历史,6.6/10 from 102 users,120分钟,['赵崇基 Sung Kee Chiu'], ,"['游学修 Neo Yau', '廖子妤 Fish Liew', '卢镇业 Chun-Yip Lo', '陈健朗 Kelvin Chan', '李英涛 Ying-to Li', 'Rチ Lo Wai Luk', '覃恩美 AMY CHUM', '同祖 Joe Cheung', '高瀚文', '林漪 Yvonne Lam Yi Kei']",是两个也是一个发生在中英街的故事。“中英街1号”以1967年反英抗暴风潮引发的六七暴动为背景，检视香港的过去及未来。故事主要分为两部分，首部分阐述了4名被卷入六七暴动历史漩涡的年轻人，其命运受到亲共产主义左派及英国殖民政府之间爆发的大型暴动所左右。第二部分将时间推延至50多年后，发生于中港边界地区沙头角，在这里，3位纠结于为香港争取自由的年轻人，与1位于首部分经历过六七暴动的老年人相遇，命运亦因而互相交叠影响。,ftp://ygdy8:ygdy8@yg72.dydytt.net:8287/阳光电影www.ygdy8.com.中英街1号.BD.720p.粤语中字.mkv
2018年动画喜剧《新大头儿子和小头爸爸3》HD国语中字,https://extraimage.net/images/2018/10/03/d5d8deb65364c6e9f0c1bc38ac392fdb.jpg,https://lookimg.com/images/2018/10/03/YCWot.jpg,2018,中国,喜剧/动画/冒险/家庭,"4.9/10 from 2,692 users",80分钟,['何澄 Cheng He'], ,"['刘纯燕 Chunyan Liu', '董浩 Hao Dong', '鞠萍 Ping Ju', '陈苏 Su Chen', '耿晨晨 Chenchen Geng', '周志强 Zhiqiang Zhou', '黄炜 Wei Huang']",小头爸爸带全家去俄罗斯出差，大头儿子在俄罗斯发现了自己画的白夜城是真实存在的，一家人半路遇到交通事故，被迫夜宿小旅馆，第二天醒来发现身处大头儿子画中的世界――白夜城。他们发现如果不解决白夜城中的危机便无法走出这个世界，一家人在白夜城中经历了重重困难终于回到了现实世界。,ftp://ygdy8:ygdy8@yg45.dydytt.net:7310/阳光电影www.ygdy8.com.新大头儿子和小头爸爸3.HD.1080p.国语中字.mp4
2018年7.9高分喜剧《八年级》BD中英双字幕,https://extraimage.net/images/2018/09/26/2d94e9fb349643387261af37928fe4a9.jpg,https://lookimg.com/images/2018/10/01/YXOOg.jpg,2018,美国,喜剧,"7.1/10 from 1,141 users",94分钟,['博・伯翰 Bo Burnham'], ,"['艾尔西・费舍尔 Elsie Fisher', '艾米丽 罗宾森 Emily Robinson', '约什・汉密尔顿 Josh Hamilton', '蜜西・雅格 Missy Yager', 'Greg Crowe', 'Deborah Unger', '弗兰克・迪尔 Frank Deal']",故事讲述13岁的凯拉（艾尔西・费舍尔 饰）在初中的最后一周，所经历的青春故事……,ftp://ygdy8:ygdy8@yg45.dydytt.net:6126/阳光电影www.ygdy8.com.八年级.BD.720p.中英双字幕.mkv
2018年奇幻喜剧《快把我哥带走》HD国语中英双字,https://extraimage.net/images/2018/09/30/87df786520adffd3d4cbfefe8a1dff82.jpg,https://lookimg.com/images/2018/09/30/YLIMt.jpg,2018,中国,喜剧/奇幻,"7.0/10 from 73,022 users",115分钟,['郑芬芬 Fenfen Cheng'], ,"['张子枫 Zifeng Zhang', '彭昱畅 Yuchang Peng', '赵今麦 Jinmai Zhao', '孙泽源 Zeyuan Sun', '方翔锐 Xiangrui Fang', '刘冠毅 Terry Liu', '姜宏波 Hongbo jiang', '徐光宇 Guangyu Xu']",拥有一个每天耍贱整蛊妹妹、毫无家庭感的哥哥是一种什么感受？油炸还是蒸锅？时秒只希望哥哥时分彻底消失！连珍贵的生日愿望都是“快把我哥带走”。不料愿望成真，哥哥变成闺蜜妙妙的哥哥，时秒同情妙妙的同时心里暗爽摆脱“大魔王”！变成独生女的时秒感觉生活无限美好，但却发现时分除了整天和好基友甄开心、万岁插科打诨、整蛊妹妹妙妙之外，还隐藏着不为人知的秘密……,ftp://ygdy8:ygdy8@yg45.dydytt.net:7308/阳光电影www.ygdy8.com.快把我哥带走.HD.720p.国语中英双字.mkv
2018年奇幻动作《武动乾坤精华版》HD国语中字,https://extraimage.net/images/2018/09/30/08713747cbc39ffe57079129e905df56.jpg,https://lookimg.com/images/2018/10/01/YVmEt.jpg,2018,中国,剧情/奇幻/古装/动作,"5.0/10 from 39,392 users",81分钟,['张黎 Li Zhang'], ,"['杨洋 Yang Yang', ""张天爱 Tian'ai Zhang"", '吴尊 Chun Wu', '王丽坤 Likun Wang', '释小龙 Siu Lung Sik', '柳岩 Yan Liu', '索笑坤 Xiaokun Suo', '董晴 Qing Dong', '唐曾 Zeng Tang']",梦想光耀门楣的少年林动，机缘巧合获得了当年武林至尊符祖留下来的神秘石符。从此之后，众多本与林动毫无牵扯的武林宗派、豪杰名门以及中山国的三大超级宗派纷纷出现在林动身旁，就连自己曾经遥不可及的仇人林琅天，也开始对林动莫名的“关心”起来。在经受了宗族比武、诸侯大战以及传人继承等诸多磨难后，林动靠着自己的勤奋努力和旷世机缘，练就了一身绝世武功，并分别受到了高冷女神绫清竹和欢喜冤家应欢欢的暗中青睐。但是，当年曾经危害一时的武道家异魔余孽再次出现在这片土地上，就连林动的宿敌林琅天也最终与异魔余孽同流合污。林动只能联合自己的两个结义兄弟和身旁一干正义的武林人士，靠着当年符祖流传下来的至高武学，同异魔余孽展开了较量，最终林动守护了这片美好的大陆。,ftp://ygdy8:ygdy8@yg45.dydytt.net:6125/阳光电影www.ygdy8.com.武动乾坤精华版.HD.720p.国语中字.mkv
2018年高分剧情《不留痕迹/叶落无痕》BD中英双字幕,https://extraimage.net/images/2018/09/26/78e807573c773a0f18fa7bf17aee94d3.jpg,https://lookimg.com/images/2018/09/30/YLEMK.jpg,2018,美国,剧情,8.1/10 from 410 users,108分钟,['黛布拉・格兰尼克 Debra Granik'], ,"['本・福斯特 Ben Foster', '杰夫・科伯 Jeff Kober', '戴尔・迪奇 Dale Dickey', '以赛亚・斯通 Isaiah Stone', '艾安娜・伯克希尔 Ayanna Berkshire', '达娜・米利肯 Dana Millican', 'Thomasin McKenzie', 'Michael Draper']",本・福斯特加盟黛布拉・格兰尼克([冬天的骨头])新片[我的放纵](My Abandonment，暂译)。该片将由黛布拉・格兰尼克和安娜・罗塞里尼共同担任编剧。电影根据同名小说改编，讲述一对父女生活在一个城市森林公园中，而他们犯的一个小错误使他们被人发现，生活发生了天翻地覆的变化。,ftp://ygdy8:ygdy8@yg45.dydytt.net:8308/阳光电影www.ygdy8.com.不留痕迹.BD.720p.中英双字幕.mkv
2018年喜剧《小意大利》BD中英双字幕,https://extraimage.net/images/2018/09/28/47600838b09b80b6bea98bba4ba14b5a.jpg,https://lookimg.com/images/2018/09/28/YqnD9.jpg,2018,美国,喜剧/爱情,6.0/10 from 190 users,102分钟,['唐纳德・佩特瑞 Donald Petrie'], ,"['艾玛・罗伯茨 Emma Roberts', '海登・克里斯滕森 Hayden Christensen', '艾莉莎・米兰诺 Alyssa Milano', '丹尼・爱罗 Danny Aiello', '安德列・马丁 Andrea Martin', '简・西摩 Jane Seymour', '盖里・巴萨拉巴 Gary Basaraba', '亚当费拉拉 Adam Ferrara', '琳达・卡辛 Linda Kash', '克里斯蒂娜・罗塞托 Cristina Rosato']",Voltage Pictures拿下艾玛・罗伯茨、海登・克里斯滕森主演的浪漫爱情片[小意大利](Little Italy，暂译)的国际销售权。该片由唐纳德・佩特瑞([倒霉爱神])执导，故事类似现代版罗密欧与朱丽叶，讲述一名见习厨师同一位餐厅老板坠入爱河。他们父亲是商业死对头，母亲却是秘密的闺中好友。,ftp://ygdy8:ygdy8@yg45.dydytt.net:8306/阳光电影www.ygdy8.com.小意大利.BD.720p.中英双字幕.mkv
2018年喜剧爱情《终点的婚礼/婚礼冤家》BD中英双字幕,https://extraimage.net/images/2018/09/08/9d6786dfedfad1bdde96419fb9a4a313.jpg,https://lookimg.com/images/2018/09/28/Y0Mld.jpg,2018,美国,剧情/喜剧/爱情,5.7/10 from 263 users,90分钟,['维克多・列文 Victor Levin'], ,"['基努・里维斯 Keanu Reeves ....Frank', '薇诺娜・瑞德 Winona Ryder ....Lindsay', 'Dj Dallenbach ....Bride', ""Greg Lucey ....Frank's Stepfather"", 'Ted Dubost ....Groom', ""D. Rosh Wright ....Frank's Mother"", ""Donna Lynn Jones ....Frank's Stepfather's Girlfriend"", 'Sean Sullivan ....Conga Drum Kit Player', 'Curt Dubost ....Father of the Bride', 'Michael Mogull ....Wedding Officiant', 'James Gallardo ....Upright Double Bass Player', 'Scott Andrews ....Tenor Sax Player']",基努・里维斯与薇诺娜・赖德加盟浪漫喜剧《终点的婚礼》（暂译，Destination Wedding），该片由维克多・列文（《爱情时限恋未尽》）撰写剧本并执担任导演，讲述两位在婚礼上不被瞩目、痛苦失意的宾客，他们将建立起一段共同又彼此独立的感情的故事。,ftp://ygdy8:ygdy8@yg45.dydytt.net:8305/阳光电影www.ygdy8.com.终点的婚礼.BD.720p.中英双字幕.mkv
2018年惊悚《扭曲》BD中英双字幕,https://extraimage.net/images/2018/09/28/28978a01420fb43e79614daa0a1749af.jpg,https://lookimg.com/images/2018/09/28/Y0dNM.jpg,2018,加拿大,惊悚,4.4/10 from 140 users,86分钟,['罗布・W・金 Rob W. King'], ,"['布莱登・佛雷切 Brendan Fletcher', '克里斯蒂娜・里奇 Christina Ricci', '约翰・库萨克 John Cusack', '奥利弗・莱斯 Oliver Rice', '斯科特・奥林克 Scott Olynek', '朱丽娅・马克斯维尔 Julia Maxwell', 'Angela Quinn', 'Nicole Anthony']",克里斯蒂娜・里奇、约翰・库萨克、布莱登・佛雷切将参演[扭曲](Distorted，暂译)，罗布・W・金执导，阿恩・奥尔森编剧。克里斯蒂娜・里奇扮演患有躁郁症的艺术家劳伦・柯伦，其饱受记忆折磨之苦，同时担心人身安全。片中库萨克饰演对网络阴谋颇感兴趣的记者，他将帮助劳伦。,ftp://ygdy8:ygdy8@yg45.dydytt.net:7304/阳光电影www.ygdy8.com.扭曲.BD.720p.中英双字幕.mkv
2018年动作剧情《动物世界》HD国语中英双字,https://extraimage.net/images/2018/09/27/888cafeea940840fc175a89ae55e6dbd.jpg,https://lookimg.com/images/2018/09/27/Yhynm.jpg,2018,中国,剧情/动作/冒险,"7.3/10 from 154,264 users",132分钟,['韩延 Yan Han'], ,"['李易峰 Yifeng Li', '迈克尔・道格拉斯 Michael Douglas', '周冬雨 Dongyu Zhou', '曹炳琨 Bingkun Cao', '王戈 Ge Wang', '苏可 Ke Su']",在游戏机厅做着兼职“小丑”的郑开司（李易峰 饰），幼时父亲突然失踪，母亲重病住院，使得郑开司的生活非常拮据。发小“大虾米”（曹炳琨 饰）借口买房骗下了郑开司父亲留下的房产，还给他带来了巨额的欠债。神秘人物（迈克尔・道格拉斯 Michael Douglas 饰）出现，告诉郑开司，只要参加“命运号”游轮上的神秘游戏，就有机会偿还完所有欠款，一无所有的郑开司为了给青梅竹马的护士刘青（周冬雨 饰）和母亲更好的生活，只得登上游轮，开始了生存游戏，一场以“剪刀、石头、布”展开的生死较量即将登场……,ftp://ygdy8:ygdy8@yg90.dydytt.net:8400/阳光电影www.ygdy8.com.动物世界.HD.1080p.国语中英双字.mp4
2018年爱情喜剧《冷恋时代》HD国语中英双字,https://extraimage.net/images/2018/09/26/9dbc05acf80b651055d9f1cc702d908b.jpg,https://lookimg.com/images/2018/09/26/YkFCn.jpg,2018,中国,喜剧/爱情, ,90分钟,['童江南 Jiangnan Tong'], ,"['姚星彤 Xingtong Yao', '立威廉 Leon Jay Williams', '董琦 Qi Dong', '梦丽 Maria Makarenko', '朱璇 Xuan Zhu', '李若斯 Ruosi Li', '李木子', '万梓良 Alex Man', '苏国涛 Guotao Su']",女性婚恋专家冷h（姚星彤饰）和四个闺蜜同为“冷恋一族”，在八卦媒体的爆料围剿和各种花式逼婚压力下，开启了“淘男网”上的奇逯旅。悬崖（立威廉饰）以未谋面的网友和咖啡店主的双重身份，与海归女博士冷h相互套路，其余四个闺蜜与“黑猪”、“性爱视频”和“煮人头”产生了神奇而又搞笑的关联……被悬崖激怒的冷h居然同意了和他去夜宿的邀请；这些高傲的“冷恋女神”们护送冷h一同前往，本以为稳操胜券，却发现局面失控……“这世上最难以自拔的，除了牙齿就是爱情”。,ftp://ygdy8:ygdy8@yg45.dydytt.net:8303/阳光电影www.ygdy8.com.冷恋时代.HD.720p.国语中英双字.mkv
2017年惊悚《雾中的女孩》BD中英双字幕,https://extraimage.net/images/2018/09/25/04890a14f3b0743ad528a72f4c215d32.jpg,https://lookimg.com/images/2018/09/26/Yk1ve.jpg,2017,意大利/德国/法国,犯罪/惊悚,6.6/10 from 384 users,128分钟,['多纳托・卡瑞西 Donato Carrisi'], ,"['托尼・塞尔维洛 Toni Servillo', '阿莱西奥・博尼 Alessio Boni', '洛伦佐・里凯尔米 Lorenzo Richelmy', '加拉泰亚・兰齐 Galatea Ranzi', '米雪拉・塞尚 Michela Cescon', '卢克雷西亚・圭多内 Lucrezia Guidone', '丹妮拉・皮耶萨 Daniela Piazza', '雅各波・奥尔莫・安蒂诺里 Jacopo Olmo Antinori', '玛丽娜・奥奇奥诺 Marina Occhionero']",《雾中的女孩》改编自畅销全球的同名惊悚小说。在一个浓雾漫的山中小镇，办案手法令人费解的侦探沃格尔正著手调查16岁少女安娜卢的失踪案件。随著侦办过程演变成一场媒体风暴，警方和罪犯之间的善恶界线开始变得模糊不清，导致人人都有可能是头号嫌犯……,ftp://ygdy8:ygdy8@yg45.dydytt.net:8302/阳光电影www.ygdy8.com.雾中的女孩.BD.720p.中英双字幕.mkv
2016年惊悚《一起入魔》BD中英双字幕,https://extraimage.net/images/2018/09/24/8dc1169c04afaff107167f3cf01649f8.jpg,https://lookimg.com/images/2018/09/25/YOMBj.jpg,2016,英国,惊悚,4.2/10 from 169 users,83分钟,['Martin Owen'], ,"['卡拉・托恩顿 Kara Tointon', '伊莎贝尔・艾伦 Isabelle Allen', 'Jamie Bernadette', 'Elliot James Langridge', 'Helene Wilson', 'Paul Casar', 'Martin Owen', 'Jonathan Willis', 'Elizabeth Morris', 'Billie Wilson', 'Jules Brown']",三个年轻人应聘到一个地下实验室，照顾一群高智商儿童的学习和生活，随着项目进展，孩子们出现各种异样举动，基地的设备和智能向导频发故障，恐怖的游戏开始了。,ftp://ygdy8:ygdy8@yg45.dydytt.net:8300/阳光电影www.ygdy8.com.一起入魔.BD.720p.中英双字幕.mkv
2018年动画喜剧《深海历险记》HD国语中字,https://extraimage.net/images/2018/09/25/75a1bc2d52632dac5b7e751c356b2cc9.jpg,https://lookimg.com/images/2018/09/25/YOq5r.jpg,2018,中国,喜剧/动画/冒险, ,92分钟,['Julio Soto'], ,"['张璐 Lu Zhang', '陈红 Hong Chen', '张云龙 Yunlong Zhang', '杨希 Xi Yang', '郭政建 Zhengjian Guo', '张遥函 Yaohan Zhang', '胡静 Jing Hu', '刘琮 Cong Liu', '敖磊 Lei Ao', '贾小军 Xiao-jun Jia', '王敏纳 Minna Wang']",在遥远的未来，海水淹没陆地，人类几乎全部飞离了地球，只剩几个人类在水底等待最后的发射，整个地球只剩下海水和海洋生物。一只爱冒险，名叫“深深”的章鱼以及仅存的水生动物同类们，在传说中的“海霸琨爷”（大章鱼）的保护下，生活在一个神秘的海底洞穴。但一起意外摧毁了他们的家，“深深”和他的朋友必须前去人类之城找到琨爷的老友“南森”（大白鲸）解救危机，他们必须面对强大的敌人，开启了他们的冒险之旅。,ftp://ygdy8:ygdy8@yg72.dydytt.net:8285/阳光电影www.ygdy8.com.深海历险记.HD.720p.国语中字.mkv
2016年获奖惊悚剧情《迟来的愤怒》BD中英双字幕,https://extraimage.net/images/2018/09/24/5721afbc2cfb9964911c6afbd7aca01c.jpg,https://lookimg.com/images/2018/09/24/YAmWD.jpg,2016,西班牙,剧情/惊悚,6.1/10 from 594 users,92分钟,['劳尔・阿雷瓦罗 Raúl Arévalo'], ,"['安东尼奥・德拉・托雷 Antonio de la Torre', '路易斯・卡叶赫 Luis Callejo', '露丝・迪亚斯 Ruth Díaz', '劳尔・希门尼斯 Raúl Jiménez', '曼诺罗・索洛 Manolo Solo', '冯特・加西亚 Font García', '皮拉尔・戈麦斯 Pilar Gómez', '艾丽西娅・鲁维奥 Alicia Rubio', '盖兹卡・阿达纳斯 Gaizka Ardanaz', '马丁・卢纳 Luna Martín', '查尼・马丁 Chani Martín', '恩里克・德拉托雷 Enrique de la Torre', '茵玛・桑乔 Inma Sancho', '帕科・本杰梅亚 Paco Benjumea', '贝尔塔・赫尔南德兹 Berta Hernández']",威尼斯的地平线单元中，出现了这样一部电影，不扯人性，“三观”却正到让人大呼过瘾，这就是讲述了一个干脆利落的复仇故事的西班牙电影《迟来的愤怒》。影片讲述了一个男人为了替在抢劫案中惨死的女友和变成植物人的老爸报仇，潜伏八年，甚至睡了抢劫团伙司机的孩子他妈，只为等他出狱，威胁他，顺藤摸瓜找到躲藏起来的真凶们，一个一个复仇。,ftp://ygdy8:ygdy8@yg45.dydytt.net:7299/阳光电影www.ygdy8.com.迟来的愤怒.BD.720p.中英双字幕.mkv
2018年剧情《儿童法案》BD中英双字幕,https://extraimage.net/images/2018/09/23/b3f88393ea75a10e915f975a60e12f67.jpg,https://lookimg.com/images/2018/09/23/YUnVe.jpg,2017,英国,剧情,7.5/10 from 900 users,105分钟,['理查德・艾尔 Richard Eyre'], ,"['艾玛・汤普森 Emma Thompson', '斯坦利・图齐 Stanley Tucci', '菲恩・怀特海德 Fionn Whitehead', '本・卓别林 Ben Chaplin', '杰森・沃特金斯 Jason Watkins', '萝西・凯弗利洛 Rosie Cavaliero', '妮基・阿姆卡-伯德 Nikki Amuka-Bird', '鲁珀特・范西塔特 Rupert Vansittart', '安东尼・凯尔夫 Anthony Calf', '尼古拉斯・琼斯 Nicholas Jones', '艾琳・沃尔什 Eileen Walsh', '安德鲁・哈维尔 Andrew Havill']",一位声名显赫的高等法院法官Fiona Maye，她和教授丈夫的婚姻来到破碎的临界点，而一项棘手的案件又摆在她面前：是否应该强迫一位未满18岁、拒绝接受输血治疗的白血病患者活下去？Maye前去医院探望患病男孩Adam，这起谈话带给了两人深远的影响，不仅让Adam产生全新的强烈感受，也将Maye内心深藏的情感激发出来。,ftp://ygdy8:ygdy8@yg72.dydytt.net:8284/阳光电影www.ygdy8.com.儿童法案.BD.720p.中英双字幕.mkv
2018年黄渤舒淇王宝强《一出好戏》HD国语中字,https://extraimage.net/images/2018/09/22/437a0f0b4e3b9e8fc2712402bf46f15a.jpg,https://lookimg.com/images/2018/09/22/YQMXV.jpg,2018,中国,剧情/喜剧,"7.3/10 from 275,024 users",134分钟,['黄渤 Bo Huang'], ,"['黄渤 Bo Huang', '舒淇 Qi Shu', '王宝强 Baoqiang Wang', '张艺兴 Yixing Zhang', '于和伟 Hewei Yu', '王迅 Xun Wang', '李勤勤 Qinqin Li', '李又麟 You-Lin Lee', '宁浩 Hao Ning', '管虎 Hu Guan', '梁静 Jing Liang', '徐峥 Zheng Xu', '陈德森 Teddy Chan', '张磊 Lei Zhang']",马进欠下债务，与远房表弟小兴在底层社会摸爬滚打，习惯性的买彩票，企图一夜暴富，并迎娶自己的同事姗姗。一日，公司全体员工出海团建，途中，马进收到了彩票中头奖的信息，六千万！就在马进狂喜自己翻身的日子终于到来之际，一场突如其来的滔天巨浪打破了一切。苏醒过来的众人发现身处荒岛 ，丧失了一切与外界的联系……,ftp://ygdy8:ygdy8@yg45.dydytt.net:4093/阳光电影www.ygdy8.com.一出好戏.HD.1080p.国语中英双字.mp4
2018年冒险喜剧《汪星卧底》HD国英双语中字,https://extraimage.net/images/2018/09/22/7e336a3890918a77db6f982852f2ea71.jpg,https://lookimg.com/images/2018/09/22/YPge3.jpg,2018,美国,喜剧/冒险,"5.9/10 from 1,069 users",92分钟/93分钟(中国大陆),['拉加・高斯内尔 Raja Gosnell'], ,"['威尔・阿奈特 Will Arnett', '卢达克里斯 Ludacris', '斯坦利・图齐 Stanley Tucci', '娜塔莎・雷昂 Natasha Lyonne', '艾伦・卡明 Alan Cumming', '加布里埃尔・伊格莱西亚斯 Gabriel Iglesias', ""沙奎尔・奥尼尔 Shaquille O'Neal"", '迪莉娅・谢泼德 Delia Sheppard', '安迪・比克维奇 Andy Beckwith', '奥马尔・查帕罗 Omar Chaparro', '凯瑞・莎勒 Kerry Shale', '丹尼尔・厄根 Daniel Eghan']",影片讲述了纽约警局警犬麦克斯（卢达克里斯 Ludacris 配音）与它的人类搭档FBI探员弗兰克（威尔・阿奈特 Will Arnett 饰）联手破案的惊险经历。本互不相识且性格迥异的一人一犬，因为一宗珍稀动物偷盗案被强行组队。随后更被派遣到拉斯维加斯参加全球知名犬展，通过卧底行动缉拿罪魁祸首。而此次行动对于“厌狗”的探员弗兰克和不修边幅的麦克斯，远比想象中的艰难…,ftp://ygdy8:ygdy8@yg45.dydytt.net:8297/阳光电影www.ygdy8.com.汪星卧底.HD.720p.国英双语中字.mkv
2018年高分奇幻剧情《幸福的拉扎罗》BD日语中字,https://extraimage.net/images/2018/09/21/c9a7a1a515d3c647a7acfe801120c423.jpg,https://lookimg.com/images/2018/09/22/YPOAz.jpg,2018,意大利/瑞士/法国/德国,剧情/奇幻,"8.7/10 from 2,030 users",125分钟,['爱丽丝・洛尔瓦彻 Alice Rohrwacher'], ,"['阿德里亚诺・塔尔迪奥洛 Adriano Tardiolo', '阿格内斯・格拉齐亚尼 Agnese Graziani', '卢卡・奇科瓦尼 Luca Chikovani', '阿尔巴・罗尔瓦赫尔 Alba Rohrwacher', '塞尔希・洛佩斯 Sergi López', '纳塔利诺・巴拉索 Natalino Balasso', '托马索・劳格诺 Tommaso Ragno', '尼可莱塔・布拉斯基 Nicoletta Braschi', '达里亚・帕斯卡・阿托利尼 Daria Pascal Attolini', '达维德・登西 Davide Denci', '帕斯夸丽纳・斯昆恰 Pasqualina Scuncia']",拉扎罗（阿德里亚诺・塔尔迪奥洛 饰）是一位内心单纯的年轻农民，坦克雷迪（卢卡・奇科瓦尼 饰）则是一位骄横的年轻贵族。他在Inviolata这座与世隔绝的小城内生活，这个城镇则由侯爵夫人阿诺西纳・德・卢娜（尼可莱塔・布拉斯基 饰）所统治。年轻的农民和年轻的贵族相遇并成为好友。某天，坦克雷迪出于玩乐的目的，自导自演了绑架闹剧，并向拉扎罗求助。拉扎罗非常珍视这段真诚且快乐的友谊，他决定穿越时空，回到小城，以寻找坦克雷迪。,ftp://ygdy8:ygdy8@yg45.dydytt.net:7297/阳光电影www.ygdy8.com.幸福的拉扎罗.BD.720p.意大利语中字.mkv
2018年动画喜剧《精灵旅社3：疯狂假期》BD中英双字幕,https://extraimage.net/images/2018/09/18/0b79c98c29284727e54ceab7ca013e2f.jpg,https://lookimg.com/images/2018/09/21/MaPPU.jpg,2018,美国,喜剧/动画/奇幻,"6.9/10 from 30,105 users",98分钟,['格恩迪・塔塔科夫斯基 Genndy Tartakovsky'], ,"['亚当・桑德勒 Adam Sandler', '凯瑟琳・哈恩 Kathryn Hahn', '史蒂夫・布西密 Steve Buscemi', '赛琳娜・戈麦斯 Selena Gomez', '阿什・布林克夫 Asher Blinkoff', '梅尔・布鲁克斯 Mel Brooks', '科甘-迈克尔・凯 Keegan-Michael Key', '安迪・萨姆伯格 Andy Samberg', '法兰・德瑞雪 Fran Drescher', '大卫・斯佩德 David Spade', '凯文・詹姆斯 Kevin James', '莫莉・香侬 Molly Shannon', '格恩迪・塔塔科夫斯基 Genndy Tartakovsky', '乔・怀特 Joe Whyte', '克莉丝汀・泰根 Chrissy Teigen', '乔・乔纳斯 Joe Jonas', '吉姆・加菲根 Jim Gaffigan']",德古拉和家人朋友们踏上了一艘邮轮，宿命之敌“吸血鬼猎人”范海辛正在船上布置天罗地网等待“猎物”上门。除了爆笑搞怪，这次的冒险更加惊险刺激而纠结，因为在茫茫大海中，德古拉除了要面对重重家庭阻力、拯救朋友们的压力、也许还有……一个美女?,ftp://ygdy8:ygdy8@yg45.dydytt.net:3141/阳光电影www.ygdy8.com.精灵旅社3：疯狂假期.HD.720p.韩版中英双字.mkv
2018年喜剧《德鲁大叔/街头祖霸王》BD中英双字幕,https://extraimage.net/images/2018/09/20/8f6d3782338818aee833f6ba82031997.jpg,https://lookimg.com/images/2018/09/20/MHxmv.jpg,2018,美国,喜剧/运动,"7.1/10 from 2,729 users",103分钟,['查尔斯・斯通三世 Charles Stone III'], ,"['凯里・欧文 Kyie Irving', '里尔・莱尔・哈瓦瑞 Lil Rel Howery', ""沙奎尔・奥尼尔 Shaquille O'Neal"", '克里斯・韦伯 Chris Webber', '雷吉・米勒 Reggie Miller', '内特・罗宾逊 Nate Robinson', '丽萨・莱斯利 Lisa Leslie', '埃丽卡・阿什 Erica Ash', '蒂凡尼・哈迪斯 Tiffany Haddish', '尼克・克罗尔 Nick Kroll', '迈克・艾普斯 Mike Epps', 'J・B・斯穆夫 J.B. Smoove', '亚当・拉扎尔-怀特 Adam Lazarre-White', '比尔・沃尔顿 Bill Walton', '乔治・格文 George Gervin', '史蒂夫・纳什 Steve Nash', '迪肯贝・穆托姆博 Dikembe Mutombo', '宁宁・利克斯 NeNe Leakes', '特伦斯・罗斯摩尔 Terence Rosemore', '德韦恩・博伊德 Dwayne Boyd', '以利亚・埃弗雷特 Elijah Everett', '盖奇・劳森 Gage Lawson']","今年早些时候曾有媒体爆出凯里・欧文的短片《德鲁大叔》将改编成长片电影，今日又有媒体传出""大鲨鱼""沙奎尔・奥尼尔将加盟该片。电影将讲述一群厉害的老年篮球运动员，违反参赛资格，参加著名的洛克锦标赛，在赛场上老大爷球场狂虐小年轻，让人“目瞪狗呆”的故事。",ftp://ygdy8:ygdy8@yg72.dydytt.net:8283/阳光电影www.ygdy8.com.德鲁大叔.BD.720p.中英双字幕.mkv
2018年悬疑剧情《道高一丈》HD国语中英双字,https://extraimage.net/images/2018/09/20/32b3489d4f44393a1295f4c7e6d2aa84.jpg,https://lookimg.com/images/2018/09/20/MHUOM.jpg,2018,中国,剧情/犯罪/悬疑,"5.2/10 from 4,045 users",96分钟,['姜凯阳 Kaiyang Jiang'], ,"['聂远 Yuan Nie', '谭凯 Kai Tan', '徐露 Lu Xu', '于明加 Mingjia Yu', '曲高位 Gaowei Qu', '张陆 Lu Zhang', '程煜 Yu Cheng', '宋春丽 Chunli Song', '刘小宁 Xiaoning Liu', '石兆琪 Zhaoqi Shi', '董博睿 Borui Dong', '彭凌 Ling Peng', '刘泳希 Yongxi Liu', '王志刚 Zhigang Wang', '史光辉 Guanghui Shi', '袁满 Man Yuan']",宋朝、刘海洋、黄天成是警校同窗，宋朝因犯错被开除，警察梦破灭。刘海洋、黄天成顺利毕业成为了真正的警察。被警校开除的宋朝受刘海洋之父刘守义之托，混进贯宇集团调查一桩纵火案。刘守义在跟宋朝接头时，被贯宇集团手下胡龙带人杀害，胡龙则在行凶时被刘守义开枪击伤后逃跑下落不明，宋朝被当成杀人疑凶而被迫踏上逃亡之路。刘海洋跟宋朝不仅是同学，更是妻子楚洁的前男友，新仇旧恨让刘海洋发下毒誓要将宋朝绳之以法。而此时，宋朝也在为脱罪积极调查真相，并找到昔日同窗黄天成寻求帮助，不料却在追逃过程中陷入更危险的境地，命悬一线之际，他们才发现这一切竟是一名叫胡紫薇的女人所为，而胡紫薇的背后隐藏着更大的阴谋与罪恶。光明与黑暗，正义与邪恶，扑朔迷离，环环相扣，最终“魔高一尺、道高一丈”。,ftp://ygdy8:ygdy8@yg90.dydytt.net:8396/阳光电影www.ygdy8.com.道高一丈.HD.720p.国语中英双字.mkv
2018年惊悚剧情《特工/北风/北寒谍战》BD韩语中字,https://extraimage.net/images/2018/09/19/ff67e0f8d61186e7712fef26d3e7130e.jpg,https://lookimg.com/images/2018/09/19/Msh78.jpg,2018,韩国,剧情/惊悚,"7.7/10 from 1,919 users",137分钟,['尹钟彬 Jong-bin Yoon'], ,"['黄政民 Jeong-min Hwang', '李圣F Sung-min Lee', '赵震雄 Jin-woong Jo', '朱智勋 Ji-hun Ju']",1990年代中期，暗号「黑金星」的南韩「国家安全企划部」情报员，假扮成南韩商人跟北韩进行商业交易，藉此渗透北韩军事单位，打探核开发情报，他得在最危险的地方，赢得敌方的信任，没想到一心只想完成任务的他，却在不自觉中陷入南北韩权力高层间的恐怖阴谋。,ftp://ygdy8:ygdy8@yg45.dydytt.net:3139/阳光电影www.ygdy8.com.特工.BD.720p.韩语中字.mkv
2018年奇幻动作《与神同行2：因与缘》BD韩语中字,https://extraimage.net/images/2018/09/19/a88b8ed84654ede5d16540b7e9ddd544.jpg,https://lookimg.com/images/2018/09/19/MSYeK.jpg,2018,韩国,动作/奇幻,"7.6/10 from 2,921 users",142分钟,['金容华 Yong-hwa Kim'], ,"['河正宇 Jung-woo Ha', '朱智勋 Ji-hun Ju', '马东锡 Tong-Seok Ma', '金香起 Hyang-ki Kim', '李政宰 Jung-Jae Lee', '赵汉哲 Han-chul Jo', '金明坤 Myung-gon Kim', '金东旭 Dong-wook Kim', '郑惟安 Yoo-ahn Jung', '都切 Kyung-soo Doh']",故事接上集，为了完成阎罗王（李政宰 饰）开出的条件，解怨}（朱智勋 饰）与德春（金香起 饰）与凶悍的城主神（马东锡 饰）展开决斗。江林（河正宇 饰）也力劝一等兵（都切 饰）公开秀鸿意外死亡的真相，就在阴间使者们试图完成任务的同时，千年前，他们生前的悲剧也将被逐一揭开…,ftp://ygdy8:ygdy8@yg45.dydytt.net:4092/阳光电影www.ygdy8.com.与神同行2：因与缘.BD.720p.韩语中字.mkv
2018年动作悬疑《魔女》BD韩语中字,https://extraimage.net/images/2018/09/18/7bc5905877283eb8546547f456b416f6.jpg,https://lookimg.com/images/2018/09/18/M4ZAt.jpg,2018,韩国,动作/悬疑,"5.8/10 from 1,341 users",125分钟,['朴勋政 Hoon-jung Park'], ,"['金多美 Kim Da-mi', '赵敏修 Min-su Jo', '朴熙顺 Hee soon Park', '崔宇植 Woo-Sik Choi', '高敏 Min-si Go', '敲兰 Mi-hee Oh', '崔政宇 Jung-woo Choi', '多恩 Daeun', '金秉玉 Byeong-ok Kim', '李柱元 Lee Ju-won', '金河娜 Ha-na Kim', '李基英 Ki-young Lee', '权泰元 Tae-won Kwon', '李时勋 Si-hoon Lee', '白承哲 Seung-chul Baek', '袁民奎 Woo Min-kyu', '金宗 Kim Jong-hoon', '徐翰杰 Han-gyeol Seo']",该电影讲述了10年前在一起奇怪的事故中独自生还的失忆少女子允，在一对老夫妇的抚养下长大。为了贴补家用，子允参加了某档电视节目，但让她没想到的是，就在节目播出后，开始有各种奇怪的人出现在她面前……,ftp://ygdy8:ygdy8@yg45.dydytt.net:3138/阳光电影www.ygdy8.com.魔女.BD.720p.韩语中字.mkv
2018年动作喜剧《唐人街探案2》BD国语中字,http://www.imageto.org/images/Mbj1t.jpg,https://lookimg.com/images/2018/09/18/MpqGW.jpg,2018,中国,喜剧/动作/犯罪/悬疑,"6.7/10 from 417,958 users",120分钟,['陈思诚 Sicheng Chen'], ,"['王宝强 Baoqiang Wang', '刘昊然 Haoran Liu', '肖央 Yang Xiao', '刘承羽 Natasha Liu Bordizzo', '尚语贤 Yuxian Shang', '王迅 Xun Wang', '妻夫木聪 Satoshi Tsumabuki', '迈克尔・皮特 Michael Pitt', '白灵 Ling Bai', '元华 Wah Yuen', '曾江 Kenneth Tsang', '王成思 Chengsi Wang', '杨金赐 Jinci Yang', '范 Tiantian Fan', '佟丽娅 Liya Tong', '陈思诚 Sicheng Chen']",唐仁（王宝强 饰）为巨额奖金欺骗秦风（刘昊然 饰）到纽约参加世界名侦探大赛，然而随着和世界各国侦探们啼笑皆非的较量，两人却发现了隐藏在这次挑战背后的更大秘密……,ftp://ygdy8:ygdy8@yg45.dydytt.net:8294/阳光电影www.ygdy8.com.唐人街探案2.BD.720p.国语中字.mkv
2018年惊悚动作《心甘情愿/谍影丽人》BD中英双字幕,https://extraimage.net/images/2018/09/04/152a69497588274c529b568159ef2693.jpg,https://lookimg.com/images/2018/09/04/GILEK.jpg,2018,印度,动作/犯罪/惊悚,7.1/10 from 310 users,138分钟,['梅克纳・古勒扎尔 Meghna Gulzar'], ,"['阿莉雅・布哈特 Alia Bhatt', '维杰・卡沙尔 Vicky Kaushal', '杰德普.阿赫拉瓦迪 Jaideep Ahlawat', 'Soni Razdan', '拉吉特・卡普尔 Rajit Kapoor', '什沙尔・夏尔马 Shishir Sharma']",1971年第三次印巴战争前前夕，双方局势剑拔弩张，一触即发。这时一位和巴基斯坦军方接触密切，实则为印度间谍的克什米尔商人发现自己患有肺癌，已经时日无多，他做出了一个艰难的决定――让自己风华正茂的女儿萨玛特（阿莉雅・布哈特饰）远嫁敌国，替自己完成未竞的任务。于是，萨玛特停止学业，经过短暂的训练后，成为了巴军一位中将的幼子伊克巴尔（维基・考萨尔饰）的新婚妻子，成为了一名背负重要使命的印度间谍。时间越发紧迫，面对着全新的环境，面对着既友善又警惕的家人，萨玛特必须要争分夺秒，获得战争绝密情报。然而，残酷的战争本质仍然远远超过萨玛特的预期……,ftp://ygdy8:ygdy8@yg90.dydytt.net:8394/阳光电影www.ygdy8.com.心甘情愿.BD.720p.中英双字幕.mkv
2018年悬疑惊悚《目击者/致命目击》BD韩语中字,https://extraimage.net/images/2018/09/17/a3e638459dd12615239e2d15415c1de8.jpg,https://lookimg.com/images/2018/09/17/MCAUv.jpg,2018,韩国,悬疑/惊悚,"5.8/10 from 1,341 users",111分钟,['曹圭章 Kyu-jang Cho'], ,"['李星民 Sung-min Lee', '金相浩 Sang-ho Kim', '陈庆 Jin Gyeong', '郭时D Si-yang Kwak', '朴春 Park Bom', '金成钧 Sung-Kyun Kim', '李民雄 Min-woong Lee', '延济旭 Je-wook Yun', '申承焕 Seung-hwan Sin', '李载宇 Jae-woo Lee', '裴贞华 Bae Jeong-hwa', '郑侑敏 Yoo-min Jung', '黄英熙 Young-hee Hwang', '孙钟学 Jong-Hak Son', '李相熹 Jang-yoo Lee', '金子英 Kim Ja-yeong', '朴成根 Park Sung-geun']",午夜两点，传来无辜女子的凄厉求救声，在阳台上目睹杀人实况的尚勋（李星民 饰），当他正准备要报警的时候，竟意外跟凶手对上了眼，让他与家人成为凶手的下一个目标。为了保护自己与家人，尚勋必须对警方隐瞒自己看见凶手的事实，并展开与杀人魔之间的惊悚追击…,ftp://ygdy8:ygdy8@yg45.dydytt.net:7293/阳光电影www.ygdy8.com.目击者.BD.720p.韩语中字.mkv
